0,FORMACIN Y SANCIN DE LEYES NACIONALES
0,FORMACIN Y SANCIN LEGISLATIVA
0,ASISTENCIA BIBLIOGRFICA
0,IMPRESIONES Y PUBLICACIONES PARLAMENTARIAS
1,CONSTRUCCIN EDIFICIO. PLANTA DE PRODUCCIN. OFICINAS ADMINISTRATIVAS Y DEPSITO PARA LA
0,ASISTENCIA SOCIAL INTEGRAL AL PERSONAL DEL CONGRESO DE LA NACIN
0,DEFENSA DE LOS DERECHOS DE LOS CIUDADANOS
0,REVISIN DE CUENTAS NACIONALES
0,PROTECCIN DE LOS DERECHOS DEL INTERNO PENITENCIARIO
0,MONITOREO E IMPLEMENTACIN DEL NUEVO CDIGO PROCESAL PENAL DE LA NACIN
0,FORTALECIMIENTO INSTITUCIONAL (BID N ATN/AA-16644-AR)
0,CONTROL PARLAMENTARIO DE SEGUIMIENTO DE TRMITE LEGISLATIVO
0,DEFENSA DEL PBLICO DE SERVICIOS DE COMUNICACIN AUDIOVISUAL
0,SEGUIMIENTO Y CONTROL DEL MINISTERIO PBLICO DE LA NACIN (LEY N 24.946.27.148 Y 27.149)
0,APOYO AL CONGRESO NACIONAL EN MATERIA FISCAL
0,SISTEMA NACIONAL DE PREVENCIN DE LA TORTURA Y OTROS TRATOS O PENAS CRUELES. INHUMANOS O
0,DEFENSA DE LOS DERECHOS DE LAS NIAS. NIOS Y ADOLESCENTES
0,SEGUIMIENTO Y CONTROL DE LA GESTIN DE CONTRATACIN Y PAGO DE LA DEUDA EXTERIOR DE LA NAC
0,CONTROL EXTERNO DEL SECTOR PBLICO NACIONAL
0,ACTIVIDADES CENTRALES
0,MANDAMIENTOS Y NOTIFICACIONES
0,PERICIAS JUDICIALES
0,BIBLIOTECA Y JURISPRUDENCIA
0,ARCHIVO GENERAL
0,ADMINISTRACIN GENERAL DE LA CORTE SUPREMA DE JUSTICIA DE LA NACIN
0,JUSTICIA DE MXIMA INSTANCIA
12,TRASLADO DEL SERVICIO JURDICO GRATUITO DE LA UNIVERSIDAD DE BUENOS AIRES
0,FUERO PENAL
0,FUERO CRIMINAL Y CORRECIONAL
0,FUERO DEL TRABAJO Y LA SEGURIDAD SOCIAL
0,CONTROL Y ASISTENCIA DE EJECUCIN PENAL
0,FUERO CRIMINAL Y CORRECCIONAL
0,FUERO CIVIL
0,FUERO COMERCIAL
0,FUERO DEL TRABAJO
0,JUSTICIA PENAL ORAL ORDINARIA
0,FUERO CRIMINAL Y CORRECCIONAL FEDERAL
0,FUERO CIVIL Y COMERCIAL FEDERAL
0,FUERO CONTENCIOSO ADMINISTRATIVO FEDERAL
0,FUERO FEDERAL DE LA SEGURIDAD SOCIAL
0,FUERO ELECTORAL
0,JUSTICIA PENAL ORAL FEDERAL DE LA CAPITAL FEDERAL
0,REA CMARA DE LA PLATA
0,REA CMARA MAR DEL PLATA
0,REA CMARA BAHA BLANCA
0,REA CMARA MENDOZA
0,REA CMARA ROSARIO
0,REA CMARA GENERAL ROCA
0,REA CMARA PARAN
0,REA CMARA POSADAS
0,REA CMARA RESISTENCIA
0,REA CMARA DE CRDOBA
0,REA CMARA SAN MARTN
0,REA CMARA TUCUMN
0,REA CMARA SALTA
0,REA CMARA COMODORO RIVADAVIA
0,REA CMARA DE CORRIENTES
0,FUERO PENAL ECONMICO
0,ASISTENCIA SOCIAL
0,INTERCEPTACIN Y CAPTACIN DE LAS COMUNICACIONES
0,EJERCICIO DE LA ACCIN PBLICA Y DEFENSA DE LA LEGALIDAD
0,REPRESENTACIN. DEFENSA Y CURATELA PBLICA OFICIAL
0,EJERCICIO DE LA CURATELA PBLICA OFICIAL
0,EJERCICIO DEL DERECHO A LA PROTECCIN DE LA SALUD MENTAL
0,CONTROL INTERNO DEL PODER EJECUTIVO NACIONAL
0,REGULACIN Y FISCALIZACIN DE LAS ACTIVIDADES NUCLEARES
0,ACTIVIDADES CENTRALES
0,ACCIONES DE INTEGRACIN DE PERSONAS CON DISCAPACIDAD
0,PENSIONES NO CONTRIBUTIVAS
0,ATENCIN MDICA A LOS BENEFICIARIOS DE PENSIONES NO CONTRIBUTIVAS
0,PREVENCIN Y CONTROL DE DISCAPACIDADES
0,ACTIVIDADES COMUNES A LA SECRETARA DE DEPORTES. EDUCACIN FSICA Y RECREACIN
0,CONDUCCIN DEL PODER EJECUTIVO NACIONAL
0,DESARROLLO DEL DEPORTE Y DEL ALTO RENDIMIENTO DEPORTIVO
0,ASISTENCIA MDICO - DEPORTIVA Y CONTROL ANTIDOPING
0,ASISTENCIA LEGAL Y TCNICA
0,PREVENCIN. ASISTENCIA. CONTROL Y LUCHA CONTRA LA DROGADICCIN
0,DISEO. MONITOREO Y ABORDAJE TERRITORIAL
0,ASISTENCIA Y COORDINACIN DE POLTICAS SOCIALES
0,ACTIVIDAD COMN A LOS PROGRAMAS 70. 71 Y 72
0,PRENSA Y DIFUSIN DE ACTOS DE GOBIERNO
0,ACCIONES DE LA UNIDAD PLAN BELGRANO
0,COORDINACIN DE PROYECTOS SOCIOCOMUNITARIOS
0,ARGENTINA 2030-PENSANDO EN NUESTRO FUTURO
0,FORMULACIN Y EJECUCIN DE PLANES Y PROGRAMAS INHERENTES A CONTENIDOS
0,FORMULACIN DE INICIATIVAS PARA LA IMPLEMENTACIN DE CONTENIDOS EN PARQUES TEMTICOS
0,FORMULACIN DE INICIATIVAS PARA LA IMPLEMENTACIN DE EXPRESIONES FEDERALES
0,ADMINISTRACIN DE BIENES DEL ESTADO
0,INTEGRACIN DE LA INFRAESTRUCTURA TECNOLGICA
0,DESARROLLO DE LOS RECURSOS HUMANOS DEL SECTOR PBLICO
0,IMPULSO A LA INICIATIVA PAS DIGITAL
0,FORTALECIMIENTO DE LA GESTIN E INNOVACIN PBLICA
0,MODERNIZACIN ADMINISTRATIVA
0,FORMULACIN Y COORDINACIN DE POLTICAS DE COMUNICACIONES
0,CONTROL Y FISCALIZACIN DE SERVICIOS DE T.I.C.
0,ATENCIN DE USUARIOS
0,ADMINISTRACIN DE SERVICIOS DE TECNOLOGAS DE LA INFORMACIN Y LAS COMUNICACIONES
0,CONTROL DE SERVICIOS POSTALES
0,CONTROL Y FISCALIZACIN DE LOS SERVICIOS DE COMUNICACIN AUDIOVISUAL
0,ENSEANZA. CAPACITACIN Y HABILITACIN
0,ADMINISTRACIN Y GESTIN DE PROYECTO DE FOMENTO Y DESARROLLO
0,DESARROLLO DE LA CIENCIA Y TCNICA DEL AGUA
0,IDENTIFICACIN. REGISTRO Y CLASIFICACIN DEL POTENCIAL HUMANO NACIONAL
0,CONTROL DE INGRESOS Y EGRESOS. ADMISIN Y PERMANENCIA DE PERSONAS DENTRO DEL TERRITORIO N
0,TASACIN DE BIENES
0,ASISTENCIA TCNICO - FINANCIERA Y DESARROLLO DE INFRAESTRUCTURA PARA EL SANEAMIENTO
89,SISTEMA DE DESAGES CLOACALES GRAN TUCUMN (BID 2343 OC-AR)
28,CONSTRUCCIN DE ACUEDUCTO SARMIENTO - COMODORO RIVADAVIA (LAGO MUSTERS) - CHUBUT
33,OPTIMIZACIN Y AMPLIACIN DEL SISTEMA DE AGUA POTABLE SAN SALVADOR DE JUJUY (BID 2343 OC-
36,CONSTRUCCIN DE SISTEMA DE AGUA POTABLE EN LA LOCALIDAD DE CONCORDIA - ENTRE ROS (BID 34
37,CONSTRUCCIN DE SISTEMA ACUEDUCTO OESTE - MAR DEL PLATA - BUENOS AIRES (BID 3451 OC-AR)
69,PLAN DIRECTOR DE SANEAMIENTO DE AGUA POTABLE DE S.C. DE BARILOCHE - DINA HUAPI. PROVINCIA
59,ESTACIN DEPURADORA DE AGUAS RESIDUALES EN LA CIUDAD DE MAR DEL PLATA - BUENOS AIRES (BID
72,AMPLIACIN DE PLANTA DE TRATAMIENTO DESAGUES CLOACALES - SAN CARLOS DE BARILOCHE (BID 234
73,CONSTRUCCIN SISTEMA DE DESAGE CLOACAL - VILLA LA ANGOSTURA - PROVINCIA DE NEUQUN
6,CONSTRUCCIN DE PLANTA DE DESAGES CLOACALES - GENERAL LAS HERAS - BUENOS AIRES
21,READECUACIN Y ACTUALIZACIN DEL PLAN DIRECTOR CLOACAL EN NEUQUN CAPITAL. PROVINCIA DE N
0,CONTROL DE SEGURIDAD DE PRESAS
0,IMPULSO AL DESARROLLO DEL SISTEMA DEMOCRTICO Y RELACIONES CON LA COMUNIDAD
0,COOPERACIN. ASISTENCIA TCNICA Y CAPACITACIN A MUNICIPIOS
0,RELACIONES CON LAS PROVINCIAS Y DESARROLLO REGIONAL
0,PLANIFICACIN TERRITORIAL DE LA INVERSIN PBLICA
0,INICIATIVAS COMPLEMENTARIAS DE INTERIOR
0,ACCIONES DEL PROGRAMA HBITAT NACIN
0,ACCIONES DE VIVIENDA Y DESARROLLO URBANO
0,PREVENCIN SSMICA
0,FORMULACIN. PROGRAMACIN. EJECUCIN Y CONTROL DE OBRAS PBLICAS
33,RESTAURACIN BASLICA NUESTRA SEORA DEL LUJN
0,RECURSOS HDRICOS
0,APOYO PARA EL DESSARROLLO DE INFRAESTRUCTURA URBANA MUNICIPAL
0,APOYO PARA EL DESARROLLO DE LA INFRAESTRUCTURA EDUCATIVA (BID N 1966/OC-2. BID N 2424/O
0,ASISTENCIA FINANCIERA A EMPRESAS PBLICAS
0,ACTIVIDADES COMUNES A LOS PROGRAMAS 16. 19. 22 Y 23
0,ACCIONES DIPLOMTICAS DE POLTICA EXTERIOR
0,REGISTRO Y SOSTENIMIENTO DE CULTOS
0,COMISIN CASCOS BLANCOS
0,MANTENIMIENTO Y PROMOCIN DE LAS RELACIONES ECONMICAS INTERNACIONALES
0,DESARROLLO DEL PLAN ANTRTICO
0,PROMOCIN DE LA COOPERACIN INTERNACIONAL
0,ATENCIN Y DESARROLLO DE POBLACIONES INDGENAS
0,ACCIONES CONTRA LA DISCRIMINACIN. LA XENOFOBIA Y EL RACISMO
0,PROMOCIN INTERNACIONAL DE LOS DERECHOS HUMANOS
0,FORMULACIN Y EJECUCIN DE POLTCAS PARA RESTRINGIR EL CIRCULANTE DE ARMAS DE FUEGO EN LA
0,POLTICA E INFRAESTRUCTURA PENITENCIARIA - JUSTICIA 2020
0,REGULACIN Y CONTROL REGISTRAL - JUSTICIA 2020
0,DEFENSA Y REPRESENTACIN JURDICA Y NOTARIAL DEL ESTADO
0,PROMOCIN Y DEFENSA DE LOS DERECHOS HUMANOS - JUSTICIA 2020
0,CONTROLES ANTICORRUPCIN - JUSTICIA 2020
0,FORMACIN UNIVERSITARIA EN DERECHOS HUMANOS
0,MEJORAMIENTO DEL SISTEMA DE JUSTICIA - JUSTICIA 2020
0,PREVENCIN E INVESTIGACIN CONTRA EL TERRORISMO. EL CRIMEN ORGANIZADO Y EL CIBERDELITO -
0,PLANIFICACIN ESTRATGICA Y RELACIONES CON LA COMUNIDAD - JUSTICIA 2020
0,AFIANZAMIENTO DE LA JUSTICIA COMO VALOR - JUSTICIA 2020
0,SEGURIDAD Y REHABILITACIN DEL INTERNO
0,PAGOS A RETIRADOS Y PENSIONADOS
0,COOPERACIN TCNICA Y FINANCIERA PARA LA LABORTERAPIA DE INTERNOS
0,FORMACIN Y CAPACITACIN
0,ADMINISTRACIN DE BENEFICIOS PREVISIONALES
0,ACCIONES INHERENTES A LA TECNOLOGA. EQUIPAMIENTO Y LOGSTICA DE LA SEGURIDAD
0,POLTICAS DE SEGURIDAD EN ESPECTCULOS FUTBOLSTICOS
0,POLTICAS DE SEGURIDAD. PARTICIPACIN CIUDADANA. TERRITORIAL. INVESTIGACIN DEL DELITO OR
0,ACCIONES DE COOPERACIN CON LOS PODERES JUDICIALES. MINISTERIOS PBLICOS Y LEGISLATURAS
0,ACCIONES DE PROTECCIN CIVIL. PREVENCIN DE EMERGENCIAS Y ALERTA TEMPRANA A DESASTRES
0,ACCIONES DE FORMACIN Y CAPACITACIN
0,POLTICAS DE SEGURIDAD INTERIOR
0,COORDINACIN DE POLTICAS DE SEGURIDAD EN FRONTERAS
0,POLTICAS DE CONTROL Y LUCHA CONTRA EL NARCOTRFICO
0,ASISTENCIA SANITARIA DE LA POLICA FEDERAL ARGENTINA
0,FORMACIN Y CAPACITACIN DE LA POLICA FEDERAL ARGENTINA
0,SERVICIO DE BOMBEROS
0,SERVICIOS DE INFORMTICA Y COMUNICACIONES
0,FORMACIN Y CAPACITACIN DE LA GENDARMERA NACIONAL
0,ASISTENCIA SANITARIA DE LA GENDARMERA NACIONAL
0,ATENCIN DE PASIVIDADES DE LA GENDARMERA NACIONAL
0,MISIONES HUMANITARIAS Y DE PAZ PARA ORGANISMOS INTERNACIONALES
0,SEGURIDAD EN FRONTERAS
0,OPERACIONES COMPLEMENTARIAS DE SEGURIDAD INTERIOR
0,SERVICIO DE INVESTIGACIN DE DELITOS COMPLEJOS Y OPERACIONES ANTIDROGAS
0,POLICA DE SEGURIDAD DE LA NAVEGACIN
0,PASIVIDADES DE LA PREFECTURA NAVAL ARGENTINA
0,ATENCIN SANITARIA DE LA PREFECTURA NAVAL ARGENTINA
0,FORMACIN Y CAPACITACIN PROFESIONAL DE LA PREFECTURA NAVAL ARGENTINA
0,CONTROL Y SERVICIO TCNICO DE SEGURIDAD DE LA NAVEGACIN
0,OPERACIONES DE SEGURIDAD INTERIOR
0,SERVICIO DE INFORMTICA Y COMUNICACIONES PARA LA NAVEGACIN
0,SEGURIDAD AEROPORTUARIA
0,FORMACIN Y CAPACITACIN EN SEGURIDAD AEROPORTUARIA
0,ELABORACIN Y ACTUALIZACIN DE INFORMACIN GEOESPACIAL Y CARTOGRAFA BSICA NACIONAL
0,PRODUCCIN Y COMERCIALIZACIN DE BIENES Y SERVICIOS
0,SERVICIOS DE METEOROLOGA NACIONAL
0,PRESTACIONES DE PREVISIN SOCIAL
0,CONDUCCIN Y PLANIFICACIN PARA LA DEFENSA
0,DESARROLLO TECNOLGICO PARA LA DEFENSA
7,MODERNIZACIN INFORMTICA DEL INSTITUTO DE INVESTIGACIONES CIENTFICAS Y TCNICAS PARA LA
9,MEJORAS EN LA INFRAESTRUCTURA EDILICIA
0,FORMACIN Y CAPACITACIN
0,SERVICIOS DE HIDROGRAFA
0,LOGSTICA DE LA DEFENSA
0,ALISTAMIENTO OPERACIONAL DEL EJRCITO
0,FORMACIN Y CAPACITACIN
0,ASISTENCIA SANITARIA
0,REMONTA Y VETERINARIA
0,SASTRERA MILITAR
0,SOSTENIMIENTO OPERACIONAL
0,ACTIVIDADES CENTRALES
0,ALISTAMIENTO OPERACIONAL DE LA ARMADA
7,RECUPERACIN Y REPARACIN ROMPEHIELOS ALMIRANTE IRIZAR
0,SANIDAD NAVAL
0,FORMACIN Y CAPACITACIN
3,CONSTRUCCIN DE ALOJAMIENTO PARA PERSONAL MILITAR
0,HIDROGRAFA NAVAL
0,TRANSPORTES NAVALES
0,SOSTENIMIENTO OPERACIONAL
0,ALISTAMIENTO OPERACIONAL DE LA FUERZA AREA
0,TRANSPORTE AREO DE FOMENTO
0,CONTROL DE TRNSITO AREO
0,ASISTENCIA SANITARIA DE LA FUERZA AREA
0,CAPACITACIN Y FORMACIN DE LA FUERZA AREA
0,SERVICIO METEOROLGICO NACIONAL
0,SOSTENIMIENTO OPERACIONAL
0,ACTIVIDADES CENTRALES
0,PLANEAMIENTO MILITAR CONJUNTO
0,FUERZAS DE PAZ
0,SANIDAD MILITAR CONJUNTA
0,FORMACIN Y CAPACITACIN
0,SOSTN LOGSTICO ANTRTICO
0,PLANEAMIENTO Y CONDUCCIN DE OPERACIONES Y DE ADIESTRAMIENTO MILITAR CONJUNTO
0,ACTIVIDADES CENTRALES
0,ACTIVIDADES COMUNES DEL INDEC
0,ACTIVIDADES COMUNES A LOS PROG. DE LA SECRETARA DE HACIENDA
0,FORMULACIN Y EJECUCIN DE POLTICAS ECONMICAS
0,SERVICIO ESTADSTICO
0,ADMINISTRACIN FINANCIERA
0,ADMINISTRACIN DE POLTICA TRIBUTARIA
0,ACCIONES CENSALES
0,COORDINACIN FISCAL CON LAS PROVINCIAS
0,COORDINACIN DE RELACIONES FINANCIERAS INTERNACIONALES
0,RESOLUCIN DE CUESTIONES DUDOSAS Y LITIGIOSAS
0,ACTIVIDADES CENTRALES
0,ACTIVIDADES COMUNES A LOS PROGRAMAS DE LA SECRETARA DE INTEGRACIN PRODUCTIVA
0,ACTIVIDADES COMUNES A LOS PROGRAMAS DE LA SECRETARA DE INDUSTRIA Y SERVICIOS
0,ACTIVIDADES COMUNES A LOS PROGRAMAS DE LA SECRETARA DE EMPRENDEDORES DE LA PYME
0,ACTIVIDADES COMUNES A LOS PROGRAMAS DE LA SECRETARA DE COMERCIO
0,DEFINICIN DE POLTICAS DE COMERCIO INTERIOR
0,DEFENSA DE LA LIBRE COMPETENCIA
0,FORMULACIN Y EJECUCIN DE LA POLTICA GEOLGICO - MINERA
0,ANLISIS Y REGUL.DE LA COMPETENCIA COMERCIAL INTERNACIONAL
0,INTEGRACIN PRODUCTIVA PARA EL DESARROLLO REGIONAL
0,FORTALECIMIENTO INSTITUCIONAL PRODUCTIVO
0,FOMENTO AL DESARROLLO INDUSTRIAL
0,GESTIN PRODUCTIVA
0,FOMENTO AL DESARROLLO TECNOLGICO
0,PROMOCIN DE LA PRODUCTIVIDAD Y COMPETITIVIDAD PYME
0,ACCIONES PARA EL DESARROLLO DE EMPRENDEDORES
0,ANCIAMIENTO DE LA PRODUCCIN
0,DEFINICIN DE POLTICAS DE TRANSFORMACIN PRODUCTIVA
0,GESTIN DE LA SIMPLIFICACIN PRODUCTIVA
0,FOMENTO DE LA COMPETITIVIDAD INDUSTRIAL
0,EXTENSIONISMO INDUSTRIAL FEDERAL
0,PROTECCIN DE LOS DERECHOS DE LA PROPIEDAD INDUSTRIAL
0,POLTICAS PARA EL AUMENTO DE LA PRODUCCIN Y PRODUCTIVIDAD EN LAS CADENAS AGROINDUSTRIALE
0,POLTICAS PARA LA AGRICULTURA FAMILIAR
0,PROGRAMA DE SERVICIOS AGRCOLAS PROVINCIALES
0,POLTICAS PARA LA GESTIN DEL RIESGO AGROPECUARIO
0,ADMINISTRACIN Y CONTROL COMERCIAL AGROPECUARIO
0,POLTICAS PARA INCREMENTAR EL AGREGADO DE VALOR EN LAS CADENAS AGROINDUSTRIALES
0,POLTICAS DE DESARROLLO DE MERCADOS AGROINDUSTRIALES
0,INVESTIGACIN FUNDAMENTAL E INNOVACIONES TECNOLGICAS - IFIT
0,INVESTIGACIN APLICADA. INNOVACIN. TRANSFERENCIAS DE TECNOLOGAS. EXTENSION Y APOYO AL D
0,FORTALECIMIENTO ESTRATGICO Y ARTICULACIN INSTITUCIONAL
0,INVESTIGACIN Y DESARROLLO PESQUERO
0,CONTROL DE GENUINIDAD DE LA PRODUCCIN VITIVINCOLA
0,PROMOCIN DEL COMERCIO Y PRODUCCIN DE SEMILLAS
0,ACCIONES PARA CONTRIBUIR A ASEGURAR LA SANIDAD ANIMAL
0,ACCIONES PARA CONTRIBUIR A ASEGURAR LA PROTECCIN VEGETAL
0,ACCIONES PARA CONTRIBUIR A ASEGURAR LA INOCUIDAD Y CALIDAD AGROALIMENTARIA
0,DESARROLLO Y PROMOCIN DEL TURISMO NACIONAL
0,PLAN FEDERAL DE TURISMO SOCIAL
0,DESARROLLO TURSTICO EN NUEVOS CORREDORES ( BID N 2606-0/OC)
0,TRATAMIENTO DE RESIDUOS SLIDOS PARA MUNICIPIOS TURSTICOS Y PEQUEOS - GIRSU ETAPA II (B
2,SANEAMIENTO BASURAL A CIELO ABIERTO EXISTENTE. GENERAL PUEYRREDN. BUENOS AIRES - GIRSU -
6,SANEAMIENTO BASURAL EN VILLA CARLOS PAZ - PROVINCIA DE CRDOBA (BID N 3249/OC-AR)
13,CONSTRUCCIN RELLENO SANITARIO Y MEJORAMIENTO BASURAL PARQUE NACIONAL QUEBRADA CONDORITO
14,CONSTRUCCIN PLANTA DE SEPARACIN Y OBRAS CONEXAS. VILLA CARLOS PAZ - PROVINCIA DE CRDOB
0,INNOVACIN. TECNOLOGA. CALIDAD Y COMUNICACIN TURSTICA
0,PROMOCIN DEL TURISMO RECEPTIVO INTERNACIONAL
0,ACTIVIDADES COMUNES A LOS PROGRAMAS 61 Y 62
0,ACTIVIDADES COMUNES A LOS PROGRAMAS 61. 62 Y 91
0,COORDINACIN DE POLTICAS DE TRANSPORTE VIAL
0,MODERNIZACIN DE LA RED DE TRANSPORTE FERROVIARIO
0,INFRAESTRUCTURA DE OBRAS DE TRANSPORTE
5,SOTERRAMIENTO FERROCARRIL SARMIENTO
18,RED DE EXPRESOS REGIONALES (R.E.R.)
26,RENOVACIN DE VAS Y CORREDOR DEL FERROCARRIL GENERAL BELGRANO CARGAS (CDB S/N)
0,COORDINACIN DE POLTICAS DE TRANSPORTE FLUVIAL Y MARTIMO
0,ACCIONES DE SEGURIDAD VIAL
0,MANTENIMIENTO POR ADMINISTRACIN Y ATENCIN DE EMERGENCIAS
1,MANTENIMIENTO POR ADMINISTRACIN Y ATENCIN DE EMERGENCIAS EN RUTAS VARIAS
2,RUTAS VARIAS - TRAMO OBRAS Y COMPRA DE MATERIALES PARA SEGURIDAD VIAL
0,CONSTRUCCIONES DE OBRAS VIALES FUERA DE LA RED VIAL NACIONAL
0,OBRAS POR CONVENIO CON PROVINCIAS
0,CONTROL DE CONCESIONES VIALES
2,AUTOPISTA BALBN
3,AUTOPISTA CAMINO DEL BUEN AYRE
6,AUTOPISTA RUTA NACIONAL N 19 SAN FRANCISCO - CRDOBA (BID 3836 OC-AR)
31,CORREDOR NOROESTE ARGENTIO (NOA) AUTOPISTAS VARIAS
11,SISTEMA CRISTO REDENTOR: OBRAS DE SEGURIDAD
16,PAVIMENTACIN RUTA NACIONAL N 23
0,FISCALIZACIN. REGULACIN Y CONTROL DEL SERVICIO DE TRANSPORTE TERRESTRE
0,CONTROL DEL SISTEMA NACIONAL DE AEROPUERTOS
0,REGULACIN. FISCALIZACIN Y ADMINISTRACIN DE LA AVIACIN CIVIL
0,INVESTIGACIN DE ACCIDENTES Y PROMOCIN DE LA SEGURIDAD
0,FORMULACIN Y EJECUCIN DE LA POLTICA GEOLGICO-MINERA
0,FORMULACION Y EJECUCION DE POLITICA DE HIDROCARBUROS
1,CONSTRUCCIN GASODUCTO CENTRO II
2,EXPANSIN DEL SISTEMA DEL GASODUCTO DE LA COSTA Y TANDIL - MAR DEL PLATA
3,AMPLIACIN DEL SISTEMA DE TRANSPORTE DE GAS COORDILLERANO - PATAGNICO
0,FORMULACIN Y EJECUCIN DE LA POLTICA DE ENERGA ELCTRICA
0,ACCIONES PARA EL USO RACIONAL Y EFICIENTE DE LA ENERGA
0,ACCIONES PARA LA AMPLIACIN DE LAS REDES ELCTRICAS DE ALTA TENSIN
0,DESARROLLO ENERGTICO PROVINCIAL
0,ACTIVIDADES CENTRALES
5,CONSTRUCCIN DE REACTOR DE BAJA POTENCIA CAREM - FASE II
6,PUESTA EN MARCHA DEL MDULO DE ENRIQUECIMIENTO DE URANIO
10,MODERNIZACIN INFRAESTRUCTURA INFORMTICA DE LA RED LOCAL DE VOZ Y DATOS
0,DESARROLLOS Y SUMINISTROS PARA LA ENERGA NUCLEAR
22,CONSTRUCCIN DE REACTOR RA-10
27,AMPLIACIN DE LA CAPACIDAD EXPERIMENTAL CENTRO ATMICO BARILOCHE - FASE III
28,MODERNIZACIN Y EQUIPAMIENTO DE LABORATORIOS EN MATERIALES AVANZADOS. RECUBIERTOS Y TRIBO
0,APLICACIONES DE LA TECNOLOGA NUCLEAR
7,DESARROLLO EN RADIOTERAPIA POR CAPTURA NEUTRNICA (BNCT)
17,RENOVACIN EQUIPAMIENTO E INSTALACIONES DE SEGURIDAD PARA EMERGENCIAS
23,CREACIN CENTRO DE RADIOTERAPIA Y MEDICINA NUCLEAR EN SAN CARLOS DE BARILOCHE. RO NEGRO
26,CONST. NUEVO EDIFICIO Y ADECUACIN EXISTENTE PARA INVESTIGACIN EN APLICACIONES NUCLEARES
27,MEJORAMIENTO Y AMPLIACIN DE LA INFRAESTRUCTURA DEL CENTRO ATMICO EZEIZA - FASE II
0,ACCIONES PARA LA SEGURIDAD NUCLEAR Y PROTECCIN AMBIENTAL
2,FACILIDAD DE TRATAMIENTO. ACONDICIONAMIENTO Y REPOSITORIO
4,TRATAMIENTO RESIDUOS RADIACTIVOS DE BAJA ACTIVIDAD (PPF 352)
10,MEJORA CAPACIDAD DE SERVICIOS INTERNOS DEL CENTRO ATMICO CONSTITUYENTES-CONST. Y REMOD.
11,CONSTRUCCIN DE INSTALACIONES E INFRAESTRUCTURA DEL REA GESTIN EZEIZA - FASE II
0,INVESTIGACIN Y APLICACIONES NO NUCLEARES
0,SUMINISTROS Y TECNOLOGA CICLO COMBUSTIBLE NUCLEAR
1,PERFORACIN YACIMIENTO DE URANIO CERRO SOLO
2,PERFORACIN YACIMIENTO DE URANIO NOROESTE ARGENTINO
3,RECUPERACIN DEL YACIMIENTO DON OTTO PARA LA EXTRACCIN DE URANIO - SALTA
6,REMEDIACIN DE PASIVOS COMPLEJO MINERO FABRIL SAN RAFAEL - MENDOZA
8,CONSTRUCCIN Y EQUIPAMIENTO LABORATORIO PARA MATERIALES Y COMBUSTIBLES NUCLEARES
10,MEJORAS Y AMPLIACIN DE INSTALACIONES PARA EL DESARROLLO Y LA PRODUCCIN DE ELEMENTOS COM
11,EXPLORACIN DE URANIO CUENCA NEUQUINA - ATLNTICA Y CUENCA CUYANA
12,IMPL. EQUIPAMIENTO EN CELDAS BLINDADAS Y CAJAS DE GUANTES PARA LA RECUPERACIN DE MATERIA
13,DESARROLLO DE PROTOTIPOS DE MQUINAS CENTRFUGAS PARA SEPARACIN ISOTPICA DE URANIO
16,REHABILITACIN PRODUCCIN URANIO EN COMPLEJO MINERO SAN RAFAEL. PROVINCIA DE MENDOZA
17,EVALUACIN DE RECURSOS URANFEROS EN LA PROVINCIA DE LA RIOJA
18,REESTRUCTURACIN Y AMPLIACIN PLANTA DE RECUBRIMIENTOS ESPECIALES EN EL CENTRO TECNOLGIC
19,REPARACIN Y MODERNIZACIN DEL EDIFICIO INGENIERA DE PLANTAS QUMICAS (IPQ) Y ANEXOS DEL
21,CONSTRUCCIN DE PLANTA DE ELEMENTOS COMBUSTIBLES PARA REACTORES DE INVESTIGACIN EN EL CE
23,ADECUACIN AMBIENTAL EDILICIA Y CONSTRUCCIN DE LABORATORIO EN REGIONAL CUYO
24,GESTIN DE PASIVOS EN DISPOSICIN TRANSITORIA DEL COMPLEJO MINERO FABRIL SAN RAFAEL
0,COORDINACIN DEL PLAN NACIONAL DE MEDICINA
0,DESARROLLO Y APLICACIN DE LA TECNOLOGA MINERA
0,PRODUCCIN DE INFORMACIN GEOLGICA DE BASE
0,REGULACIN DEL TRANSPORTE Y DISTRIBUCIN DE GAS
0,REGULACIN Y CONTRALOR DEL MERCADO ELCTRICO
0,ANZAS. BANCOS Y SEGUROS
0,SERVICIOS FINANCIEROS
0,DIRECCIN SUPERIOR DE CONTRATOS DE PARTICIPACIN PBLICA - PRIVADA
0,CONTROL Y FISCALIZACIN DE LA OFERTA PBLICA
0,CONTROL Y FISCALIZACIN DE LA ACTIVIDAD ASEGURADORA Y REASEGURADORA
0,PREVENCIN DEL LAVADO DE ACTIVOS
0,DESARROLLO DE LA EDUCACIN SUPERIOR
0,GESTIN EDUCATIVA Y POLTICAS SOCIOEDUCATIVAS
0,COOPERACIN E INTEGRACIN EDUCATIVA INTERNACIONAL
0,INFORMACIN Y EVALUACIN DE LA CALIDAD EDUCATIVA
0,INFRAESTRUCTURA Y EQUIPAMIENTO
0,INNOVACIN Y DESARROLLO DE LA FORMACIN TECNOLGICA
0,MEJORAMIENTO DE LA CALIDAD EDUCATIVA
0,ACCIONES DE FORMACIN DOCENTE
0,FORTALECIMIENTO EDILICIO DE JARDINES INFANTILES
0,IMPLEMENTACIN DEL PLAN NACIONAL DE EDUCACIN DIGITAL
0,FORTALECIMIENTO TERRITORIAL
0,INVESTIGACIN DE LA FLORA. FAUNA Y GEA
0,EVALUACIN Y ACREDITACIN UNIVERSITARIA
0,FORMULACIN E IMPLEMENTACIN DE LA POLTICA DE CIENCIA Y TECNOLOGA
0,PROMOCIN Y FINANCIAMIENTO DE ACTIVIDADES DE CIENCIA.TECNOLOGA E INNOVACIN
0,FORMACIN DE RECURSOS HUMANOS
0,EXHIBICIN PBLICA E INVESTIGACIN EN CIENCIAS NATURALES DE LA REPBLICA ARGENTINA
0,PROMOCIN. INVESTIGACIN. FINANCIAMIENTO. INNOVACIN Y DIVULGACIN EN CIENCIA Y TCNICA
0,GENERACIN DE CICLOS DE INFORMACIN ESPACIAL COMPLETOS
2,MISIONES SATELITALES (BID 1777/OC-AR-PROSAT)
9,MISIONES SATELITALES - ETAPA III
11,DESARROLLO INTEGRAL DEL SECTOR ESPACIAL ARGENTINO - FASE I
1,CONSTRUCCIN DE INYECTOR SATELITAL PARA CARGAS TILES LIVIANAS
0,PROMOCIN CULTURAL
0,GESTIN DE ORGANISMOS ESTABLES
0,GESTIN DE MUSEOS NACIONALES
0,GESTIN DEL MUSEO NACIONAL DE BELLAS ARTES - MNBA
0,GESTIN DEL COMPLEJO HISTRICO CULTURAL MANZANA DE LAS LUCES
0,GESTIN DE LA CASA HISTRICA DE LA INDEPENDENCIA
0,GESTIN DEL MUSEO HISTRICO NACIONAL
0,GESTIN DEL MUSEO HISTRICO NACIONAL DEL CABILDO DE BUENOS AIRES Y DE LA REVOLUCIN DE MA
0,GESTIN DEL PALACIO SAN JOS MUSEO Y MONUMENTO NACIONAL - JUSTO JOS DE URQUIZA
0,GESTIN DEL MUSEO NACIONAL DE ARTE DECORATIVO
0,GESTIN DEL MUSEO MALVINAS E ISLAS DEL ATLNTICO SUR
0,GESTIN DE LA CASA NACIONAL DEL BICENTENARIO
0,GESTIN DEL PALACIO NACIONAL DE LAS ARTES
0,GESTIN DE OTROS MUSEOS NACIONALES EN LA CIUDAD AUTNOMA DE BUENOS AIRES
0,GESTIN DE OTROS MUSEOS NACIONALES EN PROVINCIA DE BUENOS AIRES
0,GESTIN DE OTROS MUSEOS NACIONALES EN CRDOBA
0,GESTIN DE OTROS MUSEOS NACIONALES EN EL NORTE
0,GESTIN DE OTROS MUSEOS NACIONALES EN SAN JUAN
0,DIFUSIN Y FORTALECIMIENTO DEL PATRIMONIO CULTURAL
0,INTEGRACIN CULTURAL NACIONAL E INTERNACIONAL
0,DESARROLLO Y FOMENTO DE LA CULTURA Y CREATIVIDAD
0,DESARROLLO Y FOMENTO DE LA CULTURA CIUDADANA
0,DESARROLLO Y FOMENTO DE ECONOMAS CREATIVAS
0,FOMENTO Y APOYO ECONMICO A BIBLIOTECAS POPULARES
0,ACCIONES ARTSTICAS DEL TEATRO NACIONAL CERVANTES
24,RESTAURACIN Y PUESTA EN VALOR TORRE MARIO ROBERTO LVAREZ
0,SERVICIOS DE LA BIBLIOTECA NACIONAL
0,FOMENTO. PRODUCCIN Y DIFUSIN DEL TEATRO
0,ANCIAMIENTO PARA EL FOMENTO DE LAS ARTES
0,ACCIONES DE EMPLEO
0,SEGURO DE CAPACITACIN Y EMPLEO
0,ANLISIS Y FORMULACIN DE LA POLTICA DE SEGURIDAD SOCIAL
0,FORMULACIN Y REGULACIN DE LA POLTICA LABORAL
0,REGULARIZACIN DEL TRABAJO
0,ACCIONES DE CAPACITACIN LABORAL
0,SISTEMA FEDERAL DE EMPLEO
0,FISCALIZACIN CUMPLIMIENTO DE LA LEY DE RIESGOS DEL TRABAJO
0,ACTIVIDADES COMUNES A LOS PROGRAMAS CON FINANCIAMIENTO EXTERNO
0,ACTIVIDADES COMUNES DE LA SECRETARA DE REGULACIN Y GESTIN SANITARIA
0,ACTIVIDADES COMUNES DE LA SECRETARA DE COBERTURAS Y RECURSOS DE SALUD
0,ACTIVIDADES COMUNES DE LA SECRETARA DE PROMOCIN DE LA SALUD. PREVENCIN Y CONTROL DE RI
0,ACTIVIDADES COMUNES DE LA UNIDAD DE COORDINACIN GENERAL
0,APOYO AL DESARROLLO DE LA ATENCIN MDICA
0,ATENCIN DE LA MADRE Y EL NIO
0,FORMACIN DE RECURSOS HUMANOS SANITARIOS Y ASISTENCIALES
0,PROMOCIN Y ARTICULACIN DE RELACIONES SANITARIAS NACIONALES E INTERNACIONALES
0,PREVENCIN Y CONTROL DE ENFERMEDADES INMUNOPREVENIBLES
0,PLANIFICACIN. CONTROL. REGULACIN. ESTUDIOS. INVESTIGACIONES Y FISCALIZACIN DE LA POLT
0,LUCHA CONTRA EL SIDA Y ENFERMEDADES DE TRANSMISIN SEXUAL E INFECTO CONTAGIOSAS
0,PROMOCIN DE LA SALUD Y REDUCCIN DE LOS FACTORES DE RIESGO DE ENFERMEDADES NO TRANSMISIB
0,DESARROLLO DE LA SALUD SEXUAL Y LA PROCREACIN RESPONSABLE
0,COBERTURA DE EMERGENCIAS SANITARIAS
0,COBERTURA UNIVERSAL DE SALUD - MEDICAMENTOS
0,FORTALECIMIENTO DE LA CAPACIDAD DEL SISTEMA PBLICO DE SALUD
0,AT. MDICA A LOS BENEFICIARIOS DE PENSIONES NO CONTRIBUTIVAS
0,PREVENCIN Y CONTROL DE ENFERMEDADES ENDMICAS
0,FUNCIONES ESENCIALES DE SALUD PBLICA (BIRF 7993-AR)
11,CONSTRUCCIN DE ALMACENES REGIONALES DE VACUNAS (BIRF N 7993-AR)
12,CONSTRUCCIN DE CENTROS REGIONALES DE HEMOTERAPIA (BIRF N 7993-AR)
0,DESARROLLO ESTRATEGIAS EN SALUD FAMILIAR Y COMUNITARIA
0,ATENCIN SANITARIA EN EL TERRITORIO
0,PREVENCIN Y TRATAMIENTO DE PATOLOGAS ESPECFICAS
0,INVESTIGACIN PARA LA PREVENCIN. DIAGNSTICO Y TRATAMIENTO DEL CNCER
0,INVESTIGACIN PARA LA PREVENCIN Y CONTROL DE ENFERMEDADES TROPICALES Y SUBTROPICALES
0,PREVENCIN Y CONTROL DE ENFERMEDADES CRNICAS NO TRANSMISIBLES
0,DESARROLLO DE SEGUROS PBLICOS DE SALUD (BIRF N 8062-AR Y 8516-AR)
0,ASISTENCIA INTEGRAL Y PREVENCIN EN DROGADICCIN
0,ATENCIN DE PACIENTES
0,CONTROL Y FISCALIZACIN DE MEDICAMENTOS. ALIMENTOS. PRODUCTOS MDICOS. COSMTICOS Y PRODU
0,CONTROL Y FISCALIZACIN DE MEDICAMENTOS Y PRODUCTOS PARA DIAGNSTICO
0,CONTROL Y FISCALIZACIN DE ALIMENTOS
0,CONTROL Y FISCALIZACIN DE PRODUCTOS MDICOS
0,FISCALIZACIN DE COSMTICOS Y PRODUCTOS DE USO DOMSTICO Y CONTROL DE MERCADO DE MEDICAME
0,REGULACIN DE LA ABLACIN E IMPLANTES
0,PREVENCIN. CONTROL E INVESTIGACIN DE PATOLOGAS EN SALUD
0,DESARROLLO Y PRODUCCIN DE BIOLGICOS
0,INVESTIGACIN. DOCENCIA Y SERVICIO EN INFECCIONES BACTERIANAS. MICTICAS. PARASITARIAS Y
0,INVESTIGACIN. DESARROLLO Y SERVICIO EN ENFERMEDADES PARASITARIAS
0,INVESTIGACIN. DESARROLLO Y SERVICIO EN VIROSIS HUMANAS. PRODUCCIN DE VACUNAS CONTRA LA
0,CONTROL DE CALIDAD DE BIOLGICOS
0,CONTROL DE TUBERCULOSIS Y OTRAS ENFERMEDADES RESPIRATORIAS
0,CAPACITACIN Y ATENCIN DE FACTORES DE RIESGO GENTICO
0,CAPACITACIN Y SERVICIOS EPIDEMIOLGICOS Y DE INFECCIONES INTRAHOSPITALARIAS
0,INVESTIGACIN Y DIAGNSTICO DE FACTORES DE RIESGO NUTRICIONAL
0,INVESTIGACIN. DESARROLLO Y SERVICIOS EN ENDEMO - EPIDEMIAS
0,COORDINACIN Y APOYO A LA RED DE LABORATORIOS
0,ATENCION SANITARIA PARA LA COMUNIDAD
0,ATENCIN DE PACIENTES
0,ATENCIN A PERSONAS CON DISCAPACIDADES PSICOFSICAS
0,REGULACIN Y CONTROL DEL SISTEMA DE SALUD
0,ASISTENCIA FINANCIERA A AGENTES DEL SEGURO DE SALUD
0,INVESTIGACIN. PREVENCIN. DETECCIN TEMPRANA Y TRATAMIENTO DEL CNCER
0,INVESTIGACIN Y DESARROLLO DE LOS LABORATORIOS DE PRODUCCIN PBLICA
0,DESARROLLO SUSTENTABLE DE LA CUENCA MATANZA - RIACHUELO
0,POLTICA AMBIENTAL. CAMBIO CLIMTICO Y DESARROLLO SUSTENTABLE
0,PROMOCION Y GESTION DEL DESARROLLO SUSTENTABLE Y EL CAMBIO CLIMATICO
0,ORDENAMIENTO AMBIENTAL DEL TERRITORIO
0,COORDINACIN DE POLTICAS AMBIENTALES
0,CONTROL AMBIENTAL
0,SUSTENTABILIDAD AMBIENTAL
0,ACTIVIDADES CENTRALES
0,CONSERVACIN Y ADMINISTRACIN DE REAS NATURALES PROTEGIDAS
0,PARQUE NACIONAL IGUAZ
0,PARQUE NACIONAL LANN
0,PARQUE NACIONAL NAHUEL HUAPI Y PARQUE NACIONAL LOS ARRAYANES
0,PARQUE NACIONAL LOS ALERCES
0,PARQUE NACIONAL LOS GLACIARES
0,PARQUE NACIONAL TIERRA DEL FUEGO
0,PARQUE NACIONAL LAGO PUELO
0,PARQUE NACIONAL EL PALMAR
0,PARQUE NACIONAL CHACO
0,PARQUE NACIONAL RO PILCOMAYO
0,PARQUE NACIONAL CALILEGUA
0,PARQUE NACIONAL LIHU CALEL
0,PARQUE NACIONAL TALAMPAYA
0,PARQUE NACIONAL LAGUNA BLANCA
0,MONUMENTO NATURAL BOSQUES PETRIFICADOS
0,PARQUE NACIONAL PERITO MORENO
0,RESERVA NATURAL OTAMENDI
0,PARQUE NACIONAL PRE-DELTA
0,PARQUE NACIONAL SIERRA DE LAS QUIJADAS
0,PARQUE NACIONAL EL LEONCITO
0,PARQUE NACIONAL SAN GUILLERMO
0,PARQUE NACIONAL QUEBRADA DEL CONDORITO
0,PARQUE NACIONAL CAMPO DE LOS ALISOS
0,PARQUE NACIONAL LOS CARDONES
0,MONUMENTO NATURAL LAGUNA DE LOS POZUELOS
0,PARQUE NACIONAL BARIT
0,RESERVA NATURAL FORMOSA
0,PARQUE NACIONAL MBURUCUY
0,RESERVA NATURAL ESTRICTA SAN ANTONIO
0,PARQUE NACIONAL CAMPOS DEL TUY
0,PARQUE NACIONAL MONTE LEN
0,PARQUE INTERJURISDICCIONAL MARINO COSTERO PATAGONIA AUSTRAL
0,PARQUE NACIONAL EL REY
0,PARQUE NACIONAL ISLAS DE SANTA FE
0,PARQUE NACIONAL COPO
0,RESERVA NACIONAL EL NOGALAR DE LOS TOLDOS
0,RESERVA NATURAL NACIONAL GENERAL PIZARRO
0,PARQUE INTERJURISDICCIONAL MARINO MAKENKE
0,PARQUE INTERJURISDICCIONAL ISLA PINGINO
0,PARQUE NACIONAL PATAGONIA
0,PARQUE NACIONAL EL IMPENETRABLE
0,PARQUE NACIONAL IBER
0,FORMACIN Y CAPACITACIN
0,FORMACIN Y CAPACITACIN
0,REAS PROTEGIDAS Y CONSERVACIN DE CORREDORES (BIRF N 7520/AR COMP.3)
0,CONSERVACIN DE LA BIODIVERSIDAD (GEF TF N 2837/AR)
1,REPARACIN SECCIONAL EL SAUCO PARQUE NACIONAL PATAGONIA Y VIVIENDA DE GUARDAPARQUES PN PA
2,CONSTRUCCIN DE SEDE ADMINISTRACIN PARQUE INTERJURISDICCIONAL MARINO COSTERO PATAGONIA A
3,CONSTRUCCIN DE GALPN/TALLER Y ALOJAMIENTO PARA PARA PERSONAL EN TRNSITO EN EL PARQUE N
4,CONSTRUCCIN DE DESTACAMENTO Y VIVIENDA PARA GUARDAPARQUESEN EL PARQUE NACIONAL EL IMPENE
0,PROGRAMA DE DESARROLLO DE CORREDORES TURSTICOS (BID N 2606/OC-AR)
0,INFRAESTRUCTURA EN REAS NATURALES PROTEGIDAS
0,ACTIVIDADES COMUNES A LOS PROGRAMAS 44. 45. 46 Y 47
0,ACTIVIDAD COMN A LOS PROGRAMAS 24. 38 Y 50
0,ACTIVIDAD COMN A LOS PROGRAMAS 26 Y 51
0,ACTIVIDAD COMN A LOS PROGRAMAS 20 Y 43
0,ABORDAJE TERRITORIAL
0,ECONOMA SOCIAL
0,POLTICAS ALIMENTARIAS
0,APOYO AL EMPLEO
0,FORTALECIMIENTO DE ACCIONES JUVENILES
0,ACCIONES PARA LA PROMOCIN Y PROTECCIN INTEGRAL DE LOS DERECHOS DE NIOS. NIAS Y ADOLES
0,POLTICAS FEDERALES PARA LA PROMOCIN DE LOS DERECHOS DE NIOS Y ADOLESCENTES
0,PROMOCIN Y PROTECCIN DE LOS DERECHOS DE ADULTOS MAYORES
0,PROMOCION Y ASISTENCIA A ESPACIOS DE PRIMERA INFANCIA
0,PROYECTOS PRODUCTIVOS COMUNITARIOS
0,ACCIONES PARA EL FORTALECIMIENTO DE LAS ORGANIZACIONES DE LA SOCIEDAD CIVIL
0,APOYO AL PLAN NACIONAL DE PRIMERA INFANCIA
0,INTEGRACIN SOCIO URBANA
0,ASISTENCIA A LA ACTIVIDAD COOPERATIVA Y MUTUAL
0,FORMULACIN E IMPLEMENTACIN DE POLTICAS PBLICAS DE LA MUJER
0,SERVICIOS FINANCIEROS
0,ASISTENCIA EN DEFENSA Y SEGURIDAD
0,OTRAS ASISTENCIAS
0,FORMACIN Y SANCIN DE LEYES NACIONALES
0,FORMACIN Y SANCIN LEGISLATIVA
0,ASISTENCIA BIBLIOGRFICA
0,IMPRESIONES Y PUBLICACIONES PARLAMENTARIAS
0,ASISTENCIA SOCIAL INTEGRAL AL PERSONAL DEL CONGRESO DE LA NACIN
0,DEFENSA DE LOS DERECHOS DE LOS CIUDADANOS
0,REVISIN DE CUENTAS NACIONALES
0,PROTECCIN DE LOS DERECHOS DEL INTERNO PENITENCIARIO
0,PROMOCIN Y SEGUIMIENTO DE LA COMUNICACIN AUDIOVISUAL
0,DEFENSA DEL PBLICO DE SERVICIOS DE COMUNICACIN AUDIOVISUAL
0,SEGUIMIENTO Y CONTROL DEL MINISTERIO PBLICO DE LA NACIN (LEY N 24.946.27.148 Y 27.149)
0,CONTROL PARLAMENTARIO DE LOS DERECHOS DE LAS NIAS. NIOS Y ADOLESCENTES
0,APOYO AL CONGRESO NACIONAL EN MATERIA FISCAL
0,SISTEMA NACIONAL DE PREVENCIN DE LA TORTURA Y OTROS TRATOS O PENAS CRUELES. INHUMANOS O
0,ADMINISTRACIN DEL EDIFICIO DEL MOLINO
0,CONTROL PARLAMENTARIO SOBRE RGANOS Y ACTIVIDADES DE SEGURIDAD INTERIOR
0,CONTROL EXTERNO DEL SECTOR PBLICO NACIONAL
0,MANDAMIENTOS Y NOTIFICACIONES
0,PERICIAS JUDICIALES
0,BIBLIOTECA Y JURISPRUDENCIA
0,ARCHIVO GENERAL
0,ADMINISTRACIN GENERAL DE LA CORTE SUPREMA DE JUSTICIA DE LA NACIN
0,JUSTICIA DE MXIMA INSTANCIA
0,FUERO PENAL
0,FUERO CRIMINAL Y CORRECCIONAL
0,CONTROL Y ASISTENCIA DE EJECUCIN PENAL
0,FUERO CRIMINAL Y CORRECCIONAL
0,FUERO CIVIL
0,FUERO COMERCIAL
0,FUERO DEL TRABAJO
0,JUSTICIA PENAL ORAL ORDINARIA
0,FUERO CRIMINAL Y CORRECCIONAL FEDERAL
0,FUERO CIVIL Y COMERCIAL FEDERAL
0,FUERO CONTENCIOSO ADMINISTRATIVO FEDERAL
0,FUERO FEDERAL DE LA SEGURIDAD SOCIAL
0,FUERO ELECTORAL
0,JUSTICIA PENAL ORAL FEDERAL DE LA CIUDAD AUTNOMA DE BUENOS AIRES
0,REA CMARA DE LA PLATA
0,REA CMARA MAR DEL PLATA
0,REA CMARA BAHA BLANCA
0,REA CMARA MENDOZA
0,REA CMARA ROSARIO
0,REA CMARA GENERAL ROCA
0,REA CMARA PARAN
0,REA CMARA POSADAS
0,REA CMARA RESISTENCIA
0,REA CMARA DE CRDOBA
0,REA CMARA SAN MARTN
0,REA CMARA TUCUMN
0,REA CMARA SALTA
0,REA CMARA COMODORO RIVADAVIA
0,REA CMARA DE CORRIENTES
0,FUERO PENAL ECONMICO
0,ASISTENCIA SOCIAL
0,INTERCEPTACIN Y CAPTACIN DE LAS COMUNICACIONES
0,EJERCICIO DE LA ACCIN PBLICA Y DEFENSA DE LA LEGALIDAD
0,REPRESENTACIN. DEFENSA Y CURATELA PBLICA OFICIAL
0,REPRESENTACIN. DEFENSA Y CURATELA PBLICA OFICIAL
0,EJERCICIO DE LA CURATELA PBLICA OFICIAL
0,EJERCICIO DEL DERECHO A LA PROTECCIN DE LA SALUD MENTAL
0,CONSERVACIN Y ADMINISTRACIN DE REAS NATURALES PROTEGIDAS
0,PARQUE NACIONAL IGUAZ
0,PARQUE NACIONAL LANN
0,PARQUE NACIONAL NAHUEL HUAPI Y PARQUE NACIONAL LOS ARRAYANES
0,PARQUE NACIONAL LOS ALERCES
0,PARQUE NACIONAL LOS GLACIARES
0,PARQUE NACIONAL TIERRA DEL FUEGO
0,PARQUE NACIONAL LAGO PUELO
0,PARQUE NACIONAL EL PALMAR
0,PARQUE NACIONAL CHACO
0,PARQUE NACIONAL RO PILCOMAYO
0,PARQUE NACIONAL CALILEGUA
0,PARQUE NACIONAL LIHU CALEL
0,PARQUE NACIONAL TALAMPAYA
0,PARQUE NACIONAL LAGUNA BLANCA
0,MONUMENTO NATURAL BOSQUES PETRIFICADOS
0,PARQUE NACIONAL PERITO MORENO
0,RESERVA NATURAL OTAMENDI
0,PARQUE NACIONAL PRE-DELTA
0,PARQUE NACIONAL SIERRA DE LAS QUIJADAS
0,PARQUE NACIONAL EL LEONCITO
0,PARQUE NACIONAL SAN GUILLERMO
0,PARQUE NACIONAL QUEBRADA DEL CONDORITO
0,PARQUE NACIONAL CAMPO DE LOS ALISOS
0,PARQUE NACIONAL LOS CARDONES
0,MONUMENTO NATURAL LAGUNA DE LOS POZUELOS
0,PARQUE NACIONAL BARIT
0,RESERVA NATURAL FORMOSA
0,PARQUE NACIONAL MBURUCUY
0,RESERVA NATURAL ESTRICTA SAN ANTONIO
0,PARQUE NACIONAL CAMPOS DEL TUY
0,PARQUE NACIONAL MONTE LEN
0,PARQUE INTERJURISDICCIONAL MARINO COSTERO PATAGONIA AUSTRAL
0,PARQUE NACIONAL EL REY
0,PARQUE NACIONAL ISLAS DE SANTA FE
0,PARQUE NACIONAL COPO
0,RESERVA NACIONAL EL NOGALAR DE LOS TOLDOS
0,RESERVA NATURAL NACIONAL GENERAL PIZARRO
0,PARQUE INTERJURISDICCIONAL MARINO MAKENKE
0,PARQUE INTERJURISDICCIONAL ISLA PINGINO
0,PARQUE NACIONAL PATAGONIA
0,PARQUE NACIONAL EL IMPENETRABLE
0,PARQUE NACIONAL CAMPO SAN JUAN
0,PARQUE NACIONAL IBER
0,PARQUE NACIONAL CIERVO DE LOS PANTANOS
0,PARQUE NACIONAL ACONQUIJA
0,PARQUE NACIONAL TRASLASIERRA
0,FORMACIN Y CAPACITACIN
0,CONSERVACIN DE LA BIODIVERSIDAD (GEF TF N 2837/AR)
0,PROGRAMA DE DESARROLLO DE CORREDORES TURSTICOS (BID N 2606/OC-AR)
0,INFRAESTRUCTURA EN REAS NATURALES PROTEGIDAS
0,SISTEMA DE AREAS MARINAS PROTEGIDAS
0,CONTROL INTERNO DEL PODER EJECUTIVO NACIONAL
0,REGULACIN Y FISCALIZACIN DE LAS ACTIVIDADES NUCLEARES
0,PROMOCIN DEL TURISMO RECEPTIVO INTERNACIONAL
0,PROMOCIN DEL DEPORTE
0,ACCIONES DE INTEGRACIN DE PERSONAS CON DISCAPACIDAD
0,PENSIONES NO CONTRIBUTIVAS POR INVALIDEZ LABORATIVA
0,ATENCIN MDICA A LOS BENEFICIARIOS DE PENSIONES NO CONTRIBUTIVAS
0,PREVENCIN Y CONTROL DE DISCAPACIDADES
0,CONDUCCIN DEL PODER EJECUTIVO NACIONAL
0,PROMOCIN DEL DEPORTE
0,ASISTENCIA LEGAL Y TCNICA
0,POLTICA AMBIENTAL EN RECURSOS NATURALES
0,ORDENAMIENTO AMBIENTAL DEL TERRITORIO
0,GESTIN AMBIENTAL DEL AGUA Y LOS ECOSISTEMAS ACUTICOS
0,CONSERVACIN DE LA BIODIVERSIDAD
0,PROTECCIN AMBIENTAL DE LOS BOSQUES NATIVOS
0,MITIGACIN Y ADAPTACIN AL CAMBIO CLIMTICO
0,COORDINACIN INTERJURISDICCIONAL E INTERINSTITUCIONAL
0,CONTROL AMBIENTAL
0,SUSTENTABILIDAD AMBIENTAL
0,DESARROLLO Y PROMOCIN DEL TURISMO NACIONAL
0,PLAN FEDERAL DE TURISMO SOCIAL
0,DESARROLLO TURSTICO EN NUEVOS CORREDORES ( BID N 2606-0/OC)
98,CONSTRUCCIN CENTRO CULTURAL Y RECREATIVO CARLOS PELLEGRINI CORRIENTES (BID N 2606/OC-AR
99,ADECUACIN TURSTICA DE LOS CONJUNTOS DECLARADOS PATRIMONIO DE LA HUMANIDAD POR UNESCO. P
5,RESTAURACIN PLAN DE ACCESIBILIDAD UNIVERSAL PARA LA MANZANA JESUTICA Y LAS ESTANCIAS. P
6,ADECUACIN BODEGA DEL CAMINO DE LOS JESUITAS. CENTRO DEL VINO. PROVINCIA DE CRDOBA (BID
7,PUESTA EN VALOR DEL MUNICIPIO DE LORETO. PROVINCIA DE CORRIENTES (BID N 2606/OC-AR)
0,TRATAMIENTO DE RESIDUOS SLIDOS PARA MUNICIPIOS TURSTICOS Y PEQUEOS - GIRSU ETAPA II (B
6,SANEAMIENTO BASURAL EN VILLA CARLOS PAZ - PROVINCIA DE CRDOBA (BID N 3249/OC-AR)
0,INNOVACIN. TECNOLOGA. CALIDAD Y COMUNICACIN TURSTICA
0,INFORMACIN E INTELIGENCIA
0,PREVENCIN. ASISTENCIA. CONTROL Y LUCHA CONTRA LA DROGADICCIN
0,DISEO. MONITOREO Y ABORDAJE TERRITORIAL
0,ASISTENCIA Y COORDINACIN DE POLTICAS SOCIALES
0,ADMINISTRACIN DE BIENES DEL ESTADO
0,CONTROL Y FISCALIZACIN DE SERVICIOS DE TECNOLOGAS DE LA INFORMACIN Y LAS COMUNICACIONE
0,ATENCIN DE USUARIOS
0,ADMINISTRACIN DE SERVICIOS DE TECNOLOGAS DE LA INFORMACIN Y LAS COMUNICACIONES
0,CONTROL DE SERVICIOS POSTALES
0,CONTROL Y FISCALIZACIN DE LOS SERVICIOS DE COMUNICACIN AUDIOVISUAL
0,ENSEANZA. CAPACITACIN Y HABILITACIN
0,ADMINISTRACIN Y GESTIN DE PROYECTO DE FOMENTO Y DESARROLLO
0,ACCESO A LA INFORMACIN PBLICA Y PROTECCIN DE DATOS PERSONALES
0,ACTIVIDAD COMN A LOS PROGRAMAS 71 Y 72
0,PRENSA Y DIFUSIN DE ACTOS DE GOBIERNO
0,ACCIONES DE LA UNIDAD PLAN BELGRANO
0,COORDINACIN DE PROYECTOS SOCIOCOMUNITARIOS
0,ARGENTINA 2030-PENSANDO EN NUESTRO FUTURO
0,COORDINACIN DE INICIATIVAS BAJO LA MODALIDAD DE CONTRATOS DE PARTICIPACIN PBLICA - PRI
0,FORMULACIN DE INICIATIVAS PARA LA IMPLEMENTACIN DE CONTENIDOS EN PARQUES TEMTICOS
0,FORMULACIN DE INICIATIVAS PARA LA IMPLEMENTACIN DE EXPRESIONES FEDERALES
0,DESARROLLO DE LOS RECURSOS HUMANOS DEL SECTOR PBLICO
0,INTEGRACIN INFRAESTRUCTURA TECNOLGICA Y PAS DIGITAL
0,FORTALECIMIENTO DE LA GESTIN E INNOVACIN PBLICA
0,MODERNIZACIN ADMINISTRATIVA
0,FORMULACIN Y COORDINACIN DE POLTICAS DE COMUNICACIONES
0,DESARROLLO DE LA CIENCIA Y TCNICA DEL AGUA
0,IDENTIFICACIN. REGISTRO Y CLASIFICACIN DEL POTENCIAL HUMANO NACIONAL
0,CONTROL DE INGRESOS Y EGRESOS. ADMISIN Y PERMANENCIA DE PERSONAS DENTRO DEL TERRITORIO N
0,TASACIN DE BIENES
0,ASISTENCIA TCNICO - FINANCIERA Y DESARROLLO DE INFRAESTRUCTURA PARA EL SANEAMIENTO
89,SISTEMA DE DESAGES CLOACALES GRAN TUCUMN (BID 2343 OC-AR)
28,CONSTRUCCIN DE ACUEDUCTO SARMIENTO - COMODORO RIVADAVIA (LAGO MUSTERS) - CHUBUT
33,OPTIMIZACIN Y AMPLIACIN DEL SISTEMA DE AGUA POTABLE SAN SALVADOR DE JUJUY (BID 2343 OC-
36,CONSTRUCCIN DE SISTEMA DE AGUA POTABLE EN LA LOCALIDAD DE CONCORDIA - ENTRE ROS (BID 34
37,CONSTRUCCIN DE SISTEMA ACUEDUCTO OESTE - MAR DEL PLATA - BUENOS AIRES (BID 3451 OC-AR)
69,PLAN DIRECTOR DE SANEAMIENTO DE AGUA POTABLE DE S.C. DE BARILOCHE - DINA HUAPI. PROVINCIA
72,AMPLIACIN DE PLANTA DE TRATAMIENTO DESAGUES CLOACALES - SAN CARLOS DE BARILOCHE (BID 234
73,CONSTRUCCIN SISTEMA DE DESAGE CLOACAL - VILLA LA ANGOSTURA - PROVINCIA DE NEUQUN
77,AMPLIACIN DE SISTEMA DE RECOLECCIN Y TRATAMIENTO DE EFLUENTES - CUENCA EL PARAMILLO - M
88,COLECTOR COSTANERO SAN CARLOS DE BARILOCHE (BID 2343 OC-AR)
6,CONSTRUCCIN DE PLANTA DE DESAGES CLOACALES - GENERAL LAS HERAS - BUENOS AIRES
0,CONTROL DE SEGURIDAD DE PRESAS
0,IMPULSO AL DESARROLLO DEL SISTEMA DEMOCRTICO Y RELACIONES CON LA COMUNIDAD
0,COOPERACIN. ASISTENCIA TCNICA Y CAPACITACIN A MUNICIPIOS
0,RELACIONES CON LAS PROVINCIAS Y DESARROLLO REGIONAL
0,PLANIFICACIN TERRITORIAL DE LA INVERSIN PBLICA
0,INICIATIVAS COMPLEMENTARIAS DE INTERIOR
0,INFRAESTRUCTURA URBANA
0,ACCIONES DE VIVIENDA Y DESARROLLO URBANO
0,DESARROLLO SUSTENTABLE DE LA CUENCA MATANZA - RIACHUELO
0,PREVENCIN SSMICA
3,AMPLIACIN RED NACIONAL DE ESTACIONES SISMOLGICAS ETAPA III
0,FORMULACIN. PROGRAMACIN. EJECUCIN Y CONTROL DE OBRAS PBLICAS
0,RECURSOS HDRICOS
44,AMPLIACIN Y MEJORAMIENTO DE LA RED HIDROLGICA NACIONAL
0,APOYO PARA EL DESARROLLO DE INFRAESTRUCTURA URBANA EN MUNICIPIOS
0,APOYO PARA EL DESARROLLO DE LA INFRAESTRUCTURA EDUCATIVA (CAF N 8673. CAF N 8945. BID N
0,ACTIVIDADES COMUNES A LOS PROGRAMAS 16. 19 Y 22
0,ACCIONES DIPLOMTICAS DE POLTICA EXTERIOR
0,REGISTRO Y SOSTENIMIENTO DE CULTOS
0,COMISIN CASCOS BLANCOS
0,MANTENIMIENTO Y PROMOCIN DE LAS RELACIONES ECONMICAS INTERNACIONALES
0,DESARROLLO DEL PLAN ANTRTICO
0,PROMOCIN DE LA COOPERACIN INTERNACIONAL
0,ATENCIN Y DESARROLLO DE POBLACIONES INDGENAS
0,ACCIONES CONTRA LA DISCRIMINACIN. LA XENOFOBIA Y EL RACISMO
0,PROMOCIN INTERNACIONAL DE LOS DERECHOS HUMANOS
0,FORMULACIN Y EJECUCIN DE POLTICAS PARA RESTRINGIR EL CIRCULANTE DE ARMAS DE FUEGO EN L
0,POLTICA E INFRAESTRUCTURA PENITENCIARIA - JUSTICIA 2020
0,REGULACIN Y CONTROL REGISTRAL - JUSTICIA 2020
0,REPRESENTACIN NOTARIAL DEL ESTADO
0,PROMOCIN Y DEFENSA DE LOS DERECHOS HUMANOS - JUSTICIA 2020
0,CONTROLES ANTICORRUPCIN - JUSTICIA 2020
0,FORMACIN UNIVERSITARIA EN DERECHOS HUMANOS
0,MEJORAMIENTO DEL SISTEMA DE JUSTICIA - JUSTICIA 2020
0,PREVENCIN E INVESTIGACIN CONTRA EL TERRORISMO. EL CRIMEN ORGANIZADO Y EL CIBERDELITO -
0,AFIANZAMIENTO DE LA JUSTICIA COMO VALOR - JUSTICIA 2020
0,SEGURIDAD Y REHABILITACIN DEL INTERNO
0,PAGOS A RETIRADOS Y PENSIONADOS
0,COOPERACIN TCNICA Y FINANCIERA PARA LA LABORTERAPIA DE INTERNOS
0,FORMACIN Y CAPACITACIN
0,DEFENSA Y REPRESENTACIN JURDICA DEL ESTADO
0,ACCIONES INHERENTES AL EQUIPAMIENTO
0,POLTICAS DE SEGURIDAD. PREVENCIN DEL DELITO Y LA VIOLENCIA. INTERVENCIN FEDERAL E INVE
0,ACCIONES DE COOPERACIN CON LOS PODERES JUDICIALES. MINISTERIOS PBLICOS Y LEGISLATURAS
0,ACCIONES DE PROTECCIN CIVIL Y DE REDUCCIN DEL RIESGO DE DESASTRE
0,ACCIONES DE FORMACIN Y CAPACITACIN
0,POLTICAS DE GESTIN FEDERAL DE LA SEGURIDAD
0,COORDINACIN DE VIGILANCIA Y CONTROL DE FRONTERAS
0,POLTICAS DE CONTROL Y LUCHA CONTRA EL NARCOTRFICO
0,PROYECTOS ESPECIALES EN SEGURIDAD PBLICA
0,ASISTENCIA SANITARIA DE LA POLICA FEDERAL ARGENTINA
0,FORMACIN Y CAPACITACIN DE LA POLICA FEDERAL ARGENTINA
0,SEGURIDAD FEDERAL
0,SERVICIO DE BOMBEROS
0,SERVICIOS DE INFORMTICA Y COMUNICACIONES
0,FORMACIN Y CAPACITACIN DE LA GENDARMERA NACIONAL
0,ASISTENCIA SANITARIA DE LA GENDARMERA NACIONAL
0,MISIONES HUMANITARIAS Y DE PAZ PARA ORGANISMOS INTERNACIONALES
0,SEGURIDAD EN FRONTERAS
0,OPERACIONES COMPLEMENTARIAS DE SEGURIDAD INTERIOR
0,SERVICIO DE INVESTIGACIN DE DELITOS COMPLEJOS Y OPERACIONES ANTIDROGAS
0,POLICA DE SEGURIDAD DE LA NAVEGACIN
0,ATENCIN SANITARIA DE LA PREFECTURA NAVAL ARGENTINA
0,FORMACIN Y CAPACITACIN PROFESIONAL DE LA PREFECTURA NAVAL ARGENTINA
0,CONTROL Y SERVICIO TCNICO DE SEGURIDAD DE LA NAVEGACIN
0,OPERACIONES DE SEGURIDAD INTERIOR
0,SERVICIO DE INFORMTICA Y COMUNICACIONES PARA LA NAVEGACIN
0,SEGURIDAD AEROPORTUARIA
0,FORMACIN Y CAPACITACIN EN SEGURIDAD AEROPORTUARIA
0,ELABORACIN Y ACTUALIZACIN DE INFORMACIN GEOESPACIAL Y CARTOGRAFA BSICA NACIONAL
0,PRODUCCIN Y COMERCIALIZACIN DE BIENES Y SERVICIOS
0,SERVICIOS DE METEOROLOGA NACIONAL
0,PRESTACIONES DE PREVISIN SOCIAL
0,CONDUCCIN Y PLANIFICACIN PARA LA DEFENSA
0,DESARROLLO TECNOLGICO PARA LA DEFENSA
0,FORMACIN Y CAPACITACIN
0,SERVICIOS DE HIDROGRAFA
0,LOGSTICA DE LA DEFENSA
0,ACTIVIDADES CENTRALES
0,ALISTAMIENTO OPERACIONAL DEL EJRCITO
0,FORMACIN Y CAPACITACIN
0,ASISTENCIA SANITARIA
0,REMONTA Y VETERINARIA
0,SASTRERA MILITAR
0,SOSTENIMIENTO OPERACIONAL
0,ALISTAMIENTO OPERACIONAL DE LA ARMADA
8,PUESTA EN SECO Y REPARACIN DE LA BOCA DE DIQUE DE CARENA 2
0,SANIDAD NAVAL
0,FORMACIN Y CAPACITACIN
0,HIDROGRAFA NAVAL
0,TRANSPORTES NAVALES
0,ALISTAMIENTO OPERACIONAL DE LA FUERZA AREA
0,TRANSPORTE AREO DE FOMENTO
0,CONTROL DE TRNSITO AREO
0,ASISTENCIA SANITARIA DE LA FUERZA AREA
0,CAPACITACIN Y FORMACIN DE LA FUERZA AREA
0,SERVICIO METEOROLGICO NACIONAL
0,SOSTENIMIENTO OPERACIONAL
0,PLANEAMIENTO MILITAR CONJUNTO
0,FUERZAS DE PAZ
0,SANIDAD MILITAR CONJUNTA
0,FORMACIN Y CAPACITACIN
0,SOSTN LOGSTICO ANTRTICO
0,PLANEAMIENTO Y CONDUCCIN DE OPERACIONES Y DE ADIESTRAMIENTO MILITAR CONJUNTO
5,CONSTRUCCIN DE REACTOR DE BAJA POTENCIA CAREM - FASE II
6,PUESTA EN MARCHA DEL MDULO DE ENRIQUECIMIENTO DE URANIO
10,MODERNIZACIN INFRAESTRUCTURA INFORMTICA DE LA RED LOCAL DE VOZ Y DATOS
14,DESARROLLO DE TECNOLOGA DE LSERES PARA ENRIQUECIMIENTO DE URANIO EN EL CENTRO ATMICO B
0,DESARROLLOS Y SUMINISTROS PARA LA ENERGA NUCLEAR
6,AMPLIACIN DE LA UTILIZACIN Y PRODUCCIN DEL REACTOR RA-3
20,EQUIPAMIENTO DE CENTRO DE INVESTIGACIN Y DESARROLLO EN EL CENTRO ATMICO CONSTITUYENTES
22,CONSTRUCCIN DE REACTOR RA-10
25,CONSTRUCCIN DE LABORATORIOS DE INVESTIGACIN Y DESARROLLO DE NUCLEOELECTRICIDAD DE CUART
27,AMPLIACIN DE LA CAPACIDAD EXPERIMENTAL CENTRO ATMICO BARILOCHE - FASE III
29,REACONDICIONAMIENTO Y ACTUALIZACIN DEL CIRCUITO EXPERIMENTAL DE BAJA PRESIN DEL CENTRO
0,APLICACIONES DE LA TECNOLOGA NUCLEAR
7,DESARROLLO EN RADIOTERAPIA POR CAPTURA NEUTRNICA (BNCT)
16,MEJORAMIENTO Y AMPLIACIN DEL LABORATORIO DE PROCESOS POR RADIACIN
17,RENOVACIN EQUIPAMIENTO E INSTALACIONES DE SEGURIDAD PARA EMERGENCIAS
27,MEJORAMIENTO Y AMPLIACIN DE LA INFRAESTRUCTURA DEL CENTRO ATMICO EZEIZA - FASE II
0,ACCIONES PARA LA SEGURIDAD NUCLEAR Y PROTECCIN AMBIENTAL
2,FACILIDAD DE TRATAMIENTO. ACONDICIONAMIENTO Y REPOSITORIO
4,TRATAMIENTO RESIDUOS RADIACTIVOS DE BAJA ACTIVIDAD (PPF 352)
9,EQUIPAMIENTO DE LABORATORIOS DE QUMICA DE REACTORES Y CICLO DEL COMBUSTIBLE
10,MEJORA DE LA CAPACIDAD DE SERVICIOS INTERNOS DEL CENTRO ATMICO CONSTITUYENTES - CONSTRUC
11,CONSTRUCCIN DE INSTALACIONES E INFRAESTRUCTURA DEL REA GESTIN EZEIZA - FASE II
0,INVESTIGACIN Y APLICACIONES NO NUCLEARES
16,DESARROLLO Y FABRICACIN DE INSTRUMENTOS DE CARACTERIZACIN DE MATERIALES UTILIZANDO HACE
0,SUMINISTROS Y TECNOLOGA DEL CICLO DE COMBUSTIBLE NUCLEAR
1,PERFORACIN YACIMIENTO DE URANIO CERRO SOLO
2,PERFORACIN YACIMIENTO DE URANIO NOROESTE ARGENTINO
3,RECUPERACIN DEL YACIMIENTO DON OTTO PARA LA EXTRACCIN DE URANIO - SALTA
6,REMEDIACIN DE PASIVOS COMPLEJO MINERO FABRIL SAN RAFAEL - MENDOZA
10,MEJORAS Y AMPLIACIN DE INSTALACIONES PARA EL DESARROLLO Y LA PRODUCCIN DE ELEMENTOS COM
11,EXPLORACIN DE URANIO CUENCA NEUQUINA - ATLNTICA Y CUENCA CUYANA
12,IMPLEMENTACIN DEL EQUIPAMIENTO EN CELDAS BLINDADAS Y CAJAS DE GUANTES PARA LA RECUPERACI
13,DESARROLLO DE PROTOTIPOS DE MQUINAS CENTRFUGAS PARA SEPARACIN ISOTPICA DE URANIO
15,INSTALACIN PARA EL DESARROLLO Y PRODUCCIN DE POLVOS Y ALEACIONES DE COMBUSTIBLES COMPUE
17,EVALUACIN DE RECURSOS URANFEROS EN LA PROVINCIA DE LA RIOJA
24,GESTIN DE PASIVOS EN DISPOSICIN TRANSITORIA DEL COMPLEJO MINERO FABRIL SAN RAFAEL
0,COORDINACIN DEL PLAN NACIONAL DE MEDICINA
0,CONTROL Y FISCALIZACIN DE LA OFERTA PBLICA
0,CONTROL Y FISCALIZACIN DE LA ACTIVIDAD ASEGURADORA Y REASEGURADORA
0,RESOLUCIN DE CUESTIONES DUDOSAS Y LITIGIOSAS
0,REGULACIN DEL TRANSPORTE Y DISTRIBUCIN DE GAS
0,REGULACIN Y CONTRALOR DEL MERCADO ELCTRICO
0,PREVENCIN DEL LAVADO DE ACTIVOS
0,ACTIVIDADES COMUNES DEL INDEC
0,ACTIVIDADES COMUNES A LOS PROGRAMAS DE LA SECRETARA DE HACIENDA
0,FORMULACIN Y EJECUCIN DE POLTICAS ECONMICAS
0,SERVICIO ESTADSTICO
0,FINANZAS. BANCOS Y SEGUROS
0,ADMINISTRACIN FINANCIERA
0,ADMINISTRACIN DE INGRESOS PBLICOS Y POLTICA TRIBUTARIA
0,ACCIONES CENSALES
0,COORDINACIN FISCAL CON LAS PROVINCIAS
0,COORDINACIN DE RELACIONES FINANCIERAS INTERNACIONALES
0,FORMULACIN Y EJECUCIN DE POLTICA DE HIDROCARBUROS
1,CONSTRUCCIN GASODUCTO CENTRO II
2,EXPANSIN DEL SISTEMA DEL GASODUCTO DE LA COSTA Y TANDIL - MAR DEL PLATA
3,AMPLIACIN DEL SISTEMA DE TRANSPORTE DE GAS COORDILLERANO - PATAGNICO
0,FORMULACIN Y EJECUCIN DE LA POLTICA DE ENERGA ELCTRICA
0,ACCIONES PARA EL USO RACIONAL Y EFICIENTE DE LA ENERGA
0,INVESTIGACIN FUNDAMENTAL E INNOVACIONES TECNOLGICAS - IFIT
0,INVESTIGACIN APLICADA. INNOVACIN. TRANSFERENCIAS DE TECNOLOGAS. EXTENSION Y APOYO AL D
0,FORTALECIMIENTO ESTRATGICO Y ARTICULACIN INSTITUCIONAL
0,INVESTIGACIN Y DESARROLLO PESQUERO
0,FOMENTO DE LA COMPETITIVIDAD INDUSTRIAL
0,EXTENSIONISMO INDUSTRIAL FEDERAL
0,CONTROL DE GENUINIDAD DE LA PRODUCCIN VITIVINCOLA
0,PROMOCIN DEL COMERCIO Y PRODUCCIN DE SEMILLAS
0,PROTECCIN DE LOS DERECHOS DE LA PROPIEDAD INDUSTRIAL
0,ACCIONES PARA LA SANIDAD ANIMAL
0,ACCIONES PARA LA PROTECCIN VEGETAL
0,ACCIONES PARA LA INOCUIDAD Y CALIDAD AGROALIMENTARIA
0,DESARROLLO Y APLICACIN DE LA TECNOLOGA MINERA
0,PRODUCCIN DE INFORMACIN GEOLGICA DE BASE
0,FISCALIZACIN CUMPLIMIENTO DE LA LEY DE RIESGOS DEL TRABAJO
0,ACTIVIDADES COMUNES A LOS PROGRAMAS DE LA SECRETARA DE INTEGRACIN PRODUCTIVA
0,ACTIVIDADES COMUNES A LOS PROGRAMAS DE LA SECRETARA DE INDUSTRIA
0,ACTIVIDADES COMUNES A LOS PROGRAMAS DE LA SECRETARA DE EMPRENDEDORES DE LA PYME
0,ACTIVIDADES COMUNES A LOS PROGRAMAS DE LA SECRETARA DE COMERCIO
0,DEFINICIN DE POLTICAS DE COMERCIO INTERIOR
0,DEFENSA DE LA LIBRE COMPETENCIA
0,FORMULACIN Y EJECUCIN DE LA POLTICA GEOLGICO - MINERA
0,ANLISIS Y REGULACIN DE LA COMPETENCIA COMERCIAL INTERNACIONAL
0,INTEGRACIN PRODUCTIVA PARA EL DESARROLLO REGIONAL
0,FOMENTO AL DESARROLLO INDUSTRIAL
0,GESTIN PRODUCTIVA
0,PROMOCIN DE LA PRODUCTIVIDAD Y COMPETITIVIDAD PYME
0,ACCIONES PARA EL DESARROLLO DE EMPRENDEDORES
0,FINANCIAMIENTO DE LA PRODUCCIN
0,DEFINICIN DE POLTICAS DE TRANSFORMACIN PRODUCTIVA
0,GESTIN DE LA SIMPLIFICACIN PRODUCTIVA
0,ACCIONES DE EMPLEO
0,SEGURO DE CAPACITACIN Y EMPLEO
0,FORMULACIN Y REGULACIN DE LA POLTICA LABORAL
0,REGULARIZACIN DEL TRABAJO
0,ACCIONES DE CAPACITACIN LABORAL
0,SISTEMA FEDERAL DE EMPLEO
0,ACCIONES DE PROMOCIN. PROTECCIN Y CAMBIO TECNOLGICO
0,ACCIONES DE ATENCIN CIUDADANA Y SERVICIOS FEDERALES
0,POLTICAS PARA EL AUMENTO DE LA PRODUCCIN Y PRODUCTIVIDAD EN LAS CADENAS AGROINDUSTRIALE
0,POLTICAS PARA LA AGRICULTURA FAMILIAR
0,PROGRAMA DE SERVICIOS AGRCOLAS PROVINCIALES
0,POLTICAS PARA LA GESTIN DEL RIESGO AGROPECUARIO
0,ADMINISTRACIN Y CONTROL COMERCIAL AGROPECUARIO
0,POLTICAS PARA INCREMENTAR EL AGREGADO DE VALOR EN LAS CADENAS AGROINDUSTRIALES
0,POLTICAS DE DESARROLLO DE MERCADOS AGROINDUSTRIALES
0,ACCIONES PARA CONTRIBUIR A ASEGURAR LA PROTECCIN VEGETAL
0,ACCIONES PARA CONTRIBUIR A ASEGURAR LA INOCUIDAD Y CALIDAD AGROALIMENTARIA
0,PROMOCIN DEL TURISMO RECEPTIVO INTERNACIONAL
0,ACTIVIDADES COMUNES A LOS PROGRAMAS 61 Y 62
0,ACTIVIDADES COMUNES A LOS PROGRAMAS 61. 62 Y 91
0,COORDINACIN DE POLTICAS DE TRANSPORTE VIAL
0,MODERNIZACIN DE LA RED DE TRANSPORTE FERROVIARIO
0,INFRAESTRUCTURA DE OBRAS DE TRANSPORTE
1,SISTEMA DE MNIBUS DE TRNSITO RPIDO Y CARRILES EXCLUSIVOS (BIRF N 8700 / BIRF N7794)
16,MEJORA INTEGRAL DEL FERROCARRIL GENERAL ROCA - RAMAL CONSTITUCIN - LA PLATA (BID N2982/
18,RED DE EXPRESOS REGIONALES (R.E.R.)
20,PUESTA EN VALOR FERROCARRIL SAN MARTN (BID N4265/OC-AR)
37,ELEVACIN DE VIADUCTO. PROLONGACIN DE TENDIDO FERROVIARIO Y CONSTRUCCIN NUEVA ESTACIN
26,RENOVACIN DE VAS Y CORREDOR DEL FERROCARRIL GENERAL BELGRANO CARGAS (CDB S/N)
32,RECUPERACIN Y MANTENIMIENTO DEL FERROCARRIL GENERAL BELGRANO - (CAF 7351)
0,COORDINACIN DE POLTICAS DE TRANSPORTE FLUVIAL Y MARTIMO
0,ACCIONES DE SEGURIDAD VIAL
0,ACTIVIDADES CENTRALES
0,MANTENIMIENTO POR ADMINISTRACIN Y ATENCIN DE EMERGENCIAS
1,MANTENIMIENTO POR ADMINISTRACIN Y ATENCIN DE EMERGENCIAS EN RUTAS VARIAS
2,RUTAS VARIAS - TRAMO OBRAS Y COMPRA DE MATERIALES PARA SEGURIDAD VIAL
1,RED DE MANTENIMIENTO 24 DISTRITO - TIERRA DEL FUEGO - MALLA A (M24A)
0,CONSTRUCCIONES DE OBRAS VIALES FUERA DE LA RED VIAL NACIONAL
0,OBRAS POR CONVENIO CON PROVINCIAS
0,OBRAS EN CORREDORES VIALES CON PARTICIPACIN PBLICO PRIVADA (PPP)
1,CONSTRUCCIN DE AUTOPISTAS. RUTAS SEGURAS. REHABILITACIN. MANTENIMIENTO. OPERACIN Y FIN
2,CONSTRUCCIN DE AUTOPISTAS. RUTAS SEGURAS. REHABILITACIN. MANTENIMIENTO. OPERACIN Y FIN
3,CONSTRUCCIN DE AUTOPISTAS. RUTAS SEGURAS. REHABILITACIN. MANTENIMIENTO. OPERACIN Y FIN
4,CONSTRUCCIN DE AUTOPISTAS. RUTAS SEGURAS. REHABILITACIN. MANTENIMIENTO. OPERACIN Y FIN
5,CONSTRUCCIN DE AUTOPISTAS. RUTAS SEGURAS. REHABILITACIN. MANTENIMIENTO. OPERACIN Y FIN
6,CONSTRUCCIN DE AUTOPISTAS. RUTAS SEGURAS. REHABILITACIN. MANTENIMIENTO. OPERACIN Y FIN
7,CONSTRUCCIN DE AUTOPISTAS. RUTAS SEGURAS. REHABILITACIN. MANTENIMIENTO. OPERACIN Y FIN
8,CONSTRUCCIN DE AUTOPISTAS. RUTAS SEGURAS. REHABILITACIN. MANTENIMIENTO. OPERACIN Y FIN
9,CONSTRUCCIN DE AUTOPISTAS. RUTAS SEGURAS. REHABILITACIN. MANTENIMIENTO. OPERACIN Y FIN
10,CONSTRUCCIN DE AUTOPISTAS. RUTAS SEGURAS. REHABILITACIN. MANTENIMIENTO. OPERACIN Y FIN
11,CONSTRUCCIN DE AUTOPISTAS. RUTAS SEGURAS. REHABILITACIN. MANTENIMIENTO. OPERACIN Y FIN
12,CONSTRUCCIN AUTOPISTAS. RUTAS SEGURAS. REHABILITACIN. MANTENIMIENTO. OPERACIN Y FINANC
14,CONSTRUCCIN DE AUTOPISTAS. RUTAS SEGURAS. REHABILITACIN. MANTENIMIENTO. OPERACIN Y FIN
15,CONSTRUCCIN DE AUTOPISTAS. RUTAS SEGURAS. REHABILITACIN. MANTENIMIENTO. OPERACIN Y FIN
16,CONSTRUCCIN DE AUTOPISTAS. RUTAS SEGURAS. REHABILITACIN. MANTENIMIENTO. OPERACIN Y FIN
2,AUTOPISTA BALBN
6,AUTOPISTA RUTA NACIONAL N 19 SAN FRANCISCO - CRDOBA (BID 3836 OC-AR)
31,CORREDOR NOROESTE ARGENTINO (NOA) AUTOPISTAS VARIAS
38,CIRCUNVALACIN A COMODORO RIVADAVIA RN 3
8,RUTA SEGURA RN 11 SAN JUSTO - AVELLANEDA
10,CONEXIN VIAL SANTA FE - PARAN - CONSTRUCCIN DE PUENTE SOBRE EL RO PARAN
30,PAVIMENTACIN EN RUTA SEGURA RUTA NACIONAL N 40 SAN JUAN - SAN JOS JCHAL
22,MANTENIMIENTO DE PUENTES RUTA NACIONAL N 168 - PROVINCIA DE SANTA FE
1,MANTENIMIENTO Y REPARACIN DE OBRAS DE ARTE 1 DISTRITO - BUENOS AIRES
1,MANTENIMIENTO Y REPARACIN DE OBRAS DE ARTE 2 DISTRITO - CRDOBA
1,MANTENIMIENTO Y REPARACIN DE OBRAS DE ARTE 3 DISTRITO - TUCUMN
1,MANTENIMIENTO Y REPARACIN DE OBRAS DE ARTE 4 DISTRITO - MENDOZA
1,MANTENIMIENTO Y REPARACIN DE OBRAS DE ARTE 5 DISTRITO - SALTA
1,MANTENIMIENTO Y REPARACIN DE OBRAS DE ARTE 6 DISTRITO - JUJUY
1,MANTENIMIENTO Y REPARACIN DE OBRAS DE ARTE 7 DISTRITO - SANTA FE
1,MANTENIMIENTO Y REPARACIN DE OBRAS DE ARTE 8 DISTRITO - LA RIOJA
1,MANTENIMIENTO Y REPARACIN DE OBRAS DE ARTE 9 DISTRITO - SAN JUAN
1,MANTENIMIENTO Y REPARACIN DE OBRAS DE ARTE 10 DISTRITO - CORRIENTES
1,MANTENIMIENTO Y REPARACIN DE OBRAS DE ARTE 11 DISTRITO - CATAMARCA
1,MANTENIMIENTO Y REPARACIN DE OBRAS DE ARTE 12 DISTRITO - NEUQUN
1,MANTENIMIENTO Y REPARACIN DE OBRAS DE ARTE 13 DISTRITO - CHUBUT
1,MANTENIMIENTO Y REPARACIN DE OBRAS DE ARTE 14 DISTRITO - SAN LUIS
1,MANTENIMIENTO Y REPARACIN DE OBRAS DE ARTE 15 DISTRITO - MISIONES
1,MANTENIMIENTO Y REPARACIN DE OBRAS DE ARTE 16 DISTRITO - SANTIAGO DEL ESTERO
1,MANTENIMIENTO Y REPARACIN DE OBRAS DE ARTE 17 DISTRITO - ENTRE ROS
1,MANTENIMIENTO Y REPARACIN DE OBRAS DE ARTE 18 DISTRITO - CHACO
1,MANTENIMIENTO Y REPARACIN DE OBRAS DE ARTE 19 DISTRITO - BAHA BLANCA
1,MANTENIMIENTO Y REPARACIN DE OBRAS DE ARTE 20 DISTRITO - RO NEGRO
1,MANTENIMIENTO Y REPARACIN DE OBRAS DE ARTE 21 DISTRITO - LA PAMPA
1,MANTENIMIENTO Y REPARACIN DE OBRAS DE ARTE 22 DISTRITO - FORMOSA
1,MANTENIMIENTO Y REPARACIN DE OBRAS DE ARTE 23 DISTRITO - SANTA CRUZ
1,MANTENIMIENTO Y REPARACIN DE OBRAS DE ARTE 24 DISTRITO - TIERRA DEL FUEGO
0,FISCALIZACIN. REGULACIN Y CONTROL DEL SERVICIO DE TRANSPORTE TERRESTRE
0,CONTROL DEL SISTEMA NACIONAL DE AEROPUERTOS
0,REGULACIN. FISCALIZACIN Y ADMINISTRACIN DE LA AVIACIN CIVIL
20,CONSTRUCCIN DE VALLAS Y CAMINO PERIMETRAL EN EL AEROPUERTO DE MORN - PROVINCIA DE BUENO
0,INVESTIGACIN DE ACCIDENTES Y PROMOCIN DE LA SEGURIDAD
0,INVESTIGACIN DE LA FLORA. FAUNA Y GEA
0,FORMACIN DE RECURSOS HUMANOS
0,PROMOCIN. INVESTIGACIN. FINANCIAMIENTO. INNOVACIN Y DIVULGACIN EN CIENCIA Y TCNICA
0,GENERACIN DE CICLOS DE INFORMACIN ESPACIAL COMPLETOS
2,MISIONES SATELITALES
9,MISIONES SATELITALES - ETAPA III (CAF N 8700)
1,CONSTRUCCIN DE INYECTOR SATELITAL PARA CARGAS TILES LIVIANAS
0,ACCIONES ARTSTICAS DEL TEATRO NACIONAL CERVANTES
20,RESTAURACIN INTEGRAL Y PUESTA EN VALOR DEL EDIFICIO DEL TEATRO NACIONAL CERVANTES - ETAP
0,SERVICIOS DE LA BIBLIOTECA NACIONAL
0,FOMENTO. PRODUCCIN Y DIFUSIN DEL TEATRO
0,ACCIONES DEL BANCO NACIONAL DE DATOS GENTICOS
0,FINANCIAMIENTO PARA EL FOMENTO DE LAS ARTES
0,EVALUACIN Y ACREDITACIN UNIVERSITARIA
0,DESARROLLO DE LA EDUCACIN SUPERIOR
0,GESTIN EDUCATIVA Y POLTICAS SOCIOEDUCATIVAS
0,COOPERACIN E INTEGRACIN EDUCATIVA INTERNACIONAL
0,INFORMACIN Y EVALUACIN DE LA CALIDAD EDUCATIVA
0,INFRAESTRUCTURA Y EQUIPAMIENTO
0,INNOVACIN Y DESARROLLO DE LA FORMACIN TECNOLGICA
0,MEJORAMIENTO DE LA CALIDAD EDUCATIVA
0,ACCIONES DE FORMACIN DOCENTE
0,FORTALECIMIENTO EDILICIO DE JARDINES INFANTILES
0,IMPLEMENTACIN DEL PLAN NACIONAL DE EDUCACIN DIGITAL
0,FORTALECIMIENTO TERRITORIAL Y ACOMPAAMIENTO DE ORGANIZACIONES EDUCATIVAS
0,GESTIN Y ASIGNACIN DE BECAS A ESTUDIANTES
0,PROMOCIN E INTEGRACIN CULTURAL NACIONAL E INTERNACIONAL
0,GESTIN DE ORGANISMOS ESTABLES
0,GESTIN DE MUSEOS NACIONALES
0,GESTIN DEL MUSEO NACIONAL DE BELLAS ARTES - MNBA
3,AMPLIACIN DEL MUSEO NACIONAL DE BELLAS ARTES - CIUDAD AUTNOMA DE BUENOS AIRES
0,GESTIN DEL COMPLEJO HISTRICO CULTURAL MANZANA DE LAS LUCES
0,GESTIN DE LA CASA HISTRICA DE LA INDEPENDENCIA
0,GESTIN DEL MUSEO HISTRICO NACIONAL
0,GESTIN DEL MUSEO HISTRICO NACIONAL DEL CABILDO DE BUENOS AIRES Y DE LA REVOLUCIN DE MA
0,GESTIN DEL PALACIO SAN JOS MUSEO Y MONUMENTO NACIONAL - JUSTO JOS DE URQUIZA
0,GESTIN DEL MUSEO NACIONAL DE ARTE DECORATIVO Y MUSEO NACIONAL DE ARTE ORIENTAL
0,GESTIN DEL MUSEO MALVINAS E ISLAS DEL ATLNTICO SUR
0,GESTIN DE LA CASA NACIONAL DEL BICENTENARIO Y MUSEO NACIONAL DEL GRABADO
0,GESTIN DEL PALACIO NACIONAL DE LAS ARTES
0,GESTIN DE OTROS MUSEOS NACIONALES EN LA CIUDAD AUTNOMA DE BUENOS AIRES
0,GESTIN DE OTROS MUSEOS NACIONALES EN PROVINCIA DE BUENOS AIRES
0,GESTIN DE OTROS MUSEOS NACIONALES EN CRDOBA
0,GESTIN DE OTROS MUSEOS NACIONALES EN EL NORTE
0,GESTIN DE OTROS MUSEOS NACIONALES EN SAN JUAN
0,DIFUSIN Y FORTALECIMIENTO DEL PATRIMONIO CULTURAL
0,DESARROLLO Y FOMENTO DE LA CULTURA CIUDADANA Y LA ECONOMA CREATIVA
0,FOMENTO Y APOYO ECONMICO A BIBLIOTECAS POPULARES
0,FORMULACIN E IMPLEMENTACIN DE LA POLTICA DE CIENCIA Y TECNOLOGA
0,PROMOCIN Y FINANCIAMIENTO DE ACTIVIDADES DE CIENCIA. TECNOLOGA E INNOVACIN
0,FORMACIN DE RECURSOS HUMANOS
0,FINANCIAMIENTO PARA EL FOMENTO DE LAS ARTES
0,FISCALIZACIN CUMPLIMIENTO DE LA LEY DE RIESGOS DEL TRABAJO
0,FORMACIN DE RECURSOS HUMANOS SANITARIOS Y ASISTENCIALES
0,LUCHA CONTRA EL SIDA Y ENFERMEDADES DE TRANSMISIN SEXUAL E INFECTO CONTAGIOSAS
0,PREVENCIN Y CONTROL DE ENFERMEDADES ENDMICAS
0,FORMACIN Y CAPACITACIN
0,ACTIVIDADES COMUNES A LOS PROGRAMAS 44. 45. 46 Y 47
0,ACCIONES PARA LA PROMOCIN Y PROTECCIN INTEGRAL DE LOS DERECHOS DE NIOS. NIAS Y ADOLES
0,POLTICAS FEDERALES PARA LA PROMOCIN DE LOS DERECHOS DE NIOS Y ADOLESCENTES
0,ASISTENCIA A LA ACTIVIDAD COOPERATIVA Y MUTUAL
0,ASISTENCIA INTEGRAL Y PREVENCIN EN DROGADICCIN
0,ATENCIN DE PACIENTES
0,CONTROL Y FISCALIZACIN DE MEDICAMENTOS. ALIMENTOS. PRODUCTOS MDICOS. COSMTICOS Y PRODU
0,CONTROL Y FISCALIZACIN DE MEDICAMENTOS Y PRODUCTOS PARA DIAGNSTICO
0,CONTROL Y FISCALIZACIN DE ALIMENTOS
0,CONTROL Y FISCALIZACIN DE PRODUCTOS MDICOS
0,FISCALIZACIN DE COSMTICOS Y PRODUCTOS DE USO DOMSTICO Y CONTROL DE MERCADO DE MEDICAME
0,REGULACIN DE LA ABLACIN E IMPLANTES
0,PREVENCIN. CONTROL E INVESTIGACIN DE PATOLOGAS EN SALUD
0,DESARROLLO Y PRODUCCIN DE BIOLGICOS
0,INVESTIGACIN. DOCENCIA Y SERVICIO EN INFECCIONES BACTERIANAS. MICTICAS. PARASITARIAS Y
0,INVESTIGACIN. DESARROLLO Y SERVICIO EN ENFERMEDADES PARASITARIAS
0,INVESTIGACIN. DESARROLLO Y SERVICIO EN VIROSIS HUMANAS. PRODUCCIN DE VACUNAS CONTRA LA
0,CONTROL DE CALIDAD DE BIOLGICOS
0,CONTROL DE TUBERCULOSIS Y OTRAS ENFERMEDADES RESPIRATORIAS
0,CAPACITACIN Y ATENCIN DE FACTORES DE RIESGO GENTICO
0,CAPACITACIN Y SERVICIOS EPIDEMIOLGICOS Y DE INFECCIONES INTRAHOSPITALARIAS
0,INVESTIGACIN Y DIAGNSTICO DE FACTORES DE RIESGO NUTRICIONAL
0,INVESTIGACIN. DESARROLLO Y SERVICIOS EN ENDEMO - EPIDEMIAS
0,COORDINACIN Y APOYO A LA RED DE LABORATORIOS
0,INVESTIGACIN PARA LA PREVENCIN Y CONTROL DE ENFERMEDADES TROPICALES Y SUBTROPICALES
0,ATENCIN SANITARIA PARA LA COMUNIDAD
0,ATENCIN A PERSONAS CON DISCAPACIDADES PSICOFSICAS
0,REGULACIN Y CONTROL DEL SISTEMA DE SALUD
0,ASISTENCIA FINANCIERA A AGENTES DEL SEGURO DE SALUD
0,INVESTIGACIN. PREVENCIN. DETECCIN TEMPRANA Y TRATAMIENTO DEL CNCER
0,INVESTIGACIN Y DESARROLLO DE LOS LABORATORIOS DE PRODUCCIN PBLICA
0,FORMULACIN E IMPLEMENTACIN DE POLTICAS PBLICAS DE LA MUJER
0,ACTIVIDADES COMUNES A LOS PROGRAMAS 44. 45. 46 Y 47
0,ACTIVIDAD COMN A LOS PROGRAMAS 24. 38 Y 50
0,ACTIVIDAD COMN A LOS PROGRAMAS 26. 51 Y 54
0,ACTIVIDAD COMN A LOS PROGRAMAS 20 Y 43
0,ABORDAJE TERRITORIAL
0,ECONOMA SOCIAL
0,POLTICAS ALIMENTARIAS
0,APOYO AL EMPLEO
0,FORTALECIMIENTO DE ACCIONES JUVENILES
0,ACCIONES PARA LA PROMOCIN Y PROTECCIN INTEGRAL DE LOS DERECHOS DE NIOS. NIAS Y ADOLES
0,POLTICAS FEDERALES PARA LA PROMOCIN DE LOS DERECHOS DE NIOS Y ADOLESCENTES
0,PROMOCIN Y PROTECCIN DE LOS DERECHOS DE ADULTOS MAYORES
0,PROMOCIN Y ASISTENCIA A ESPACIOS DE PRIMERA INFANCIA
0,PROYECTOS PRODUCTIVOS COMUNITARIOS
0,ACCIONES PARA EL FORTALECIMIENTO DE LAS ORGANIZACIONES DE LA SOCIEDAD CIVIL
0,APOYO AL PLAN NACIONAL DE PRIMERA INFANCIA
0,INTEGRACIN SOCIO URBANA
0,INTEGRACIN SOCIO URBANA
0,RESPONSABILIDAD SOCIAL
0,ANLISIS Y FORMULACIN DE LA POLTICA DE SEGURIDAD SOCIAL
0,ACTIVIDADES COMUNES A LOS PROGRAMAS CON FINANCIAMIENTO EXTERNO
0,ACTIVIDADES COMUNES DE PROGRAMAS DE REGULACIN Y GESTIN SANITARIA
0,ACTIVIDADES COMUNES DE PROGRAMAS DE COBERTURAS Y RECURSOS DE SALUD
0,ACTIVIDADES COMUNES DE PROGRAMAS DE PROMOCIN DE LA SALUD. PREVENCIN Y CONTROL DE RIESGO
0,ACTIVIDADES COMUNES DE COORDINACIN GENERAL
0,APOYO AL DESARROLLO DE LA ATENCIN MDICA
0,ATENCIN DE LA MADRE Y EL NIO
0,FORMACIN DE RECURSOS HUMANOS SANITARIOS Y ASISTENCIALES
0,PREVENCIN Y CONTROL DE ENFERMEDADES INMUNOPREVENIBLES
0,PLANIFICACIN. CONTROL. REGULACIN. ESTUDIOS. INVESTIGACIONES Y FISCALIZACIN DE LA POLT
0,LUCHA CONTRA EL SIDA Y ENFERMEDADES DE TRANSMISIN SEXUAL E INFECTO CONTAGIOSAS
0,PROMOCIN DE LA SALUD Y REDUCCIN DE LOS FACTORES DE RIESGO DE ENFERMEDADES NO TRANSMISIB
0,DESARROLLO DE LA SALUD SEXUAL Y LA PROCREACIN RESPONSABLE
0,COBERTURA DE EMERGENCIAS SANITARIAS
0,COBERTURA UNIVERSAL DE SALUD - MEDICAMENTOS
0,FORTALECIMIENTO DE LA CAPACIDAD DEL SISTEMA PBLICO DE SALUD
0,PREVENCIN Y CONTROL DE ENFERMEDADES ENDMICAS
0,DESARROLLO DE ESTRATEGIAS EN SALUD FAMILIAR Y COMUNITARIA
0,ATENCIN SANITARIA EN EL TERRITORIO
0,PREVENCIN Y TRATAMIENTO DE PATOLOGAS ESPECFICAS
0,INVESTIGACIN PARA LA PREVENCIN Y CONTROL DE ENFERMEDADES TROPICALES Y SUBTROPICALES
0,PREVENCIN Y CONTROL DE ENFERMEDADES CRNICAS NO TRANSMISIBLES
0,DESARROLLO DE SEGUROS PBLICOS DE SALUD (BIRF N 8516-AR Y 8853-AR)
0,SERVICIOS FINANCIEROS
0,ASISTENCIA EN DEFENSA Y SEGURIDAD
0,ASISTENCIA SOCIAL
0,ASISTENCIA EN SERVICIOS ECONMICOS
